Date,Portfolio Value
2025-01-02,40000000.0
2025-01-02,40000000.0
2025-01-02,40000000.0
2025-01-02,40000000.0
2025-01-02,40000000.0
2025-01-02,40000000.0
2025-01-02,40000000.0
2025-01-02,40000000.0
2025-01-02,40000000.0
2025-01-02,40000000.0
2025-01-02,40000000.0
2025-01-02,40000000.0
2025-01-02,40000000.0
2025-01-02,40000000.0
2025-01-02,40000000.0
2025-01-02,40000000.0
2025-01-02,40000000.0
2025-01-02,40000000.0
2025-01-02,40000000.0
2025-01-02,40000000.0
2025-01-02,40000000.0
2025-01-02,40000000.0
2025-01-02,40000000.0
2025-01-02,40000000.0
2025-01-02,40000000.0
2025-01-02,40000000.0
2025-01-02,40000000.0
2025-01-02,40000000.0
2025-01-02,40000000.0
2025-01-02,40000000.0
2025-01-02,40000000.0
2025-01-02,39723000.0
2025-01-02,39723000.0
2025-01-02,39723000.0
2025-01-02,39723000.0
2025-01-02,39723000.0
2025-01-02,39723000.0
2025-01-02,39723000.0
2025-01-02,39723000.0
2025-01-02,39723000.0
2025-01-02,39723000.0
2025-01-02,39723000.0
2025-01-02,39723000.0
2025-01-02,39723000.0
2025-01-02,39723000.0
2025-01-03,39723000.0
2025-01-03,39723000.0
2025-01-03,39723000.0
2025-01-03,39723000.0
2025-01-03,39723000.0
2025-01-03,39723000.0
2025-01-03,39723000.0
2025-01-03,39723000.0
2025-01-03,39723000.0
2025-01-03,39723000.0
2025-01-03,39723000.0
2025-01-03,39723000.0
2025-01-03,39723000.0
2025-01-03,39723000.0
2025-01-03,39723000.0
2025-01-03,39723000.0
2025-01-03,39723000.0
2025-01-03,39723000.0
2025-01-03,39723000.0
2025-01-03,39723000.0
2025-01-03,39723000.0
2025-01-03,39723000.0
2025-01-03,39723000.0
2025-01-03,39723000.0
2025-01-03,39723000.0
2025-01-03,39723000.0
2025-01-03,39723000.0
2025-01-03,39723000.0
2025-01-03,39723000.0
2025-01-03,39723000.0
2025-01-03,39723000.0
2025-01-03,39723000.0
2025-01-03,39723000.0
2025-01-03,39723000.0
2025-01-03,39723000.0
2025-01-03,39723000.0
2025-01-03,39723000.0
2025-01-03,39723000.0
2025-01-03,40066000.0
2025-01-03,40066000.0
2025-01-03,40066000.0
2025-01-03,40066000.0
2025-01-03,40066000.0
2025-01-03,40066000.0
2025-01-03,40066000.0
2025-01-03,40066000.0
2025-01-03,40066000.0
2025-01-03,40066000.0
2025-01-06,40066000.0
2025-01-06,40066000.0
2025-01-06,40066000.0
2025-01-06,40066000.0
2025-01-06,40066000.0
2025-01-06,40066000.0
2025-01-06,40066000.0
2025-01-06,40066000.0
2025-01-06,40066000.0
2025-01-06,39709000.0
2025-01-06,39709000.0
2025-01-06,39709000.0
2025-01-06,39709000.0
2025-01-06,39709000.0
2025-01-06,39709000.0
2025-01-06,39709000.0
2025-01-06,39709000.0
2025-01-06,39709000.0
2025-01-06,39709000.0
2025-01-06,39709000.0
2025-01-06,39709000.0
2025-01-06,39709000.0
2025-01-06,39709000.0
2025-01-06,39709000.0
2025-01-06,39709000.0
2025-01-06,39709000.0
2025-01-06,39709000.0
2025-01-06,39709000.0
2025-01-06,39709000.0
2025-01-06,39709000.0
2025-01-06,39709000.0
2025-01-06,39709000.0
2025-01-06,39709000.0
2025-01-06,39709000.0
2025-01-06,39709000.0
2025-01-06,39709000.0
2025-01-06,39709000.0
2025-01-06,39709000.0
2025-01-06,39709000.0
2025-01-06,39709000.0
2025-01-06,39709000.0
2025-01-06,39709000.0
2025-01-06,39709000.0
2025-01-06,39709000.0
2025-01-06,39709000.0
2025-01-06,39709000.0
2025-01-06,39709000.0
2025-01-06,39709000.0
2025-01-06,39709000.0
2025-01-07,39709000.0
2025-01-07,39709000.0
2025-01-07,39709000.0
2025-01-07,39709000.0
2025-01-07,39709000.0
2025-01-07,39709000.0
2025-01-07,39709000.0
2025-01-07,39709000.0
2025-01-07,39462000.0
2025-01-07,39462000.0
2025-01-07,39462000.0
2025-01-07,39462000.0
2025-01-07,39462000.0
2025-01-07,39462000.0
2025-01-07,39462000.0
2025-01-07,39462000.0
2025-01-07,39462000.0
2025-01-07,39462000.0
2025-01-07,39462000.0
2025-01-07,39462000.0
2025-01-07,39462000.0
2025-01-07,39462000.0
2025-01-07,39462000.0
2025-01-07,39462000.0
2025-01-07,39462000.0
2025-01-07,39462000.0
2025-01-07,39462000.0
2025-01-07,39462000.0
2025-01-07,39462000.0
2025-01-07,39462000.0
2025-01-07,39462000.0
2025-01-07,39462000.0
2025-01-07,39462000.0
2025-01-07,39462000.0
2025-01-07,39462000.0
2025-01-07,39462000.0
2025-01-07,39462000.0
2025-01-07,39462000.0
2025-01-07,39462000.0
2025-01-07,39462000.0
2025-01-07,39462000.0
2025-01-07,39462000.0
2025-01-07,39462000.0
2025-01-07,39462000.0
2025-01-07,39462000.0
2025-01-07,39462000.0
2025-01-07,39565000.0
2025-01-07,39565000.0
2025-01-07,39565000.0
2025-01-08,39565000.0
2025-01-08,39565000.0
2025-01-08,39565000.0
2025-01-08,39565000.0
2025-01-08,39308000.0
2025-01-08,39308000.0
2025-01-08,39308000.0
2025-01-08,39308000.0
2025-01-08,39308000.0
2025-01-08,39308000.0
2025-01-08,39308000.0
2025-01-08,39308000.0
2025-01-08,39308000.0
2025-01-08,39308000.0
2025-01-08,39308000.0
2025-01-08,39308000.0
2025-01-08,39308000.0
2025-01-08,39308000.0
2025-01-08,39308000.0
2025-01-08,39308000.0
2025-01-08,39041000.0
2025-01-08,39041000.0
2025-01-08,39041000.0
2025-01-08,39041000.0
2025-01-08,39041000.0
2025-01-08,39041000.0
2025-01-08,39041000.0
2025-01-08,39041000.0
2025-01-08,39041000.0
2025-01-08,39041000.0
2025-01-08,39041000.0
2025-01-08,39041000.0
2025-01-08,39041000.0
2025-01-08,39041000.0
2025-01-08,39041000.0
2025-01-08,39041000.0
2025-01-08,39041000.0
2025-01-08,39041000.0
2025-01-08,39041000.0
2025-01-08,39041000.0
2025-01-08,39041000.0
2025-01-08,39041000.0
2025-01-08,39041000.0
2025-01-08,39041000.0
2025-01-08,39041000.0
2025-01-08,39041000.0
2025-01-08,39041000.0
2025-01-08,39041000.0
2025-01-09,39041000.0
2025-01-09,39041000.0
2025-01-09,39041000.0
2025-01-09,39041000.0
2025-01-09,39041000.0
2025-01-09,39041000.0
2025-01-09,39041000.0
2025-01-09,39041000.0
2025-01-09,39041000.0
2025-01-09,39041000.0
2025-01-09,39041000.0
2025-01-09,39041000.0
2025-01-09,39041000.0
2025-01-09,39041000.0
2025-01-09,39041000.0
2025-01-09,39041000.0
2025-01-09,39041000.0
2025-01-09,39041000.0
2025-01-09,39041000.0
2025-01-09,39041000.0
2025-01-09,39041000.0
2025-01-09,39041000.0
2025-01-09,39041000.0
2025-01-09,39041000.0
2025-01-09,39041000.0
2025-01-09,39041000.0
2025-01-09,39041000.0
2025-01-09,39041000.0
2025-01-09,39041000.0
2025-01-09,39041000.0
2025-01-09,39041000.0
2025-01-09,39041000.0
2025-01-09,39041000.0
2025-01-09,39041000.0
2025-01-09,39041000.0
2025-01-09,39041000.0
2025-01-09,39041000.0
2025-01-09,39041000.0
2025-01-09,39041000.0
2025-01-09,39041000.0
2025-01-09,39041000.0
2025-01-09,39041000.0
2025-01-09,39041000.0
2025-01-09,39041000.0
2025-01-09,39041000.0
2025-01-09,39041000.0
2025-01-09,39041000.0
2025-01-09,39041000.0
2025-01-09,39041000.0
2025-01-10,39041000.0
2025-01-10,39041000.0
2025-01-10,39041000.0
2025-01-10,39041000.0
2025-01-10,39041000.0
2025-01-10,39041000.0
2025-01-10,39041000.0
2025-01-10,39041000.0
2025-01-10,39041000.0
2025-01-10,39041000.0
2025-01-10,39041000.0
2025-01-10,39041000.0
2025-01-10,39041000.0
2025-01-10,39041000.0
2025-01-10,39041000.0
2025-01-10,39041000.0
2025-01-10,39041000.0
2025-01-10,39041000.0
2025-01-10,39041000.0
2025-01-10,39041000.0
2025-01-10,39041000.0
2025-01-10,39041000.0
2025-01-10,39041000.0
2025-01-10,39041000.0
2025-01-10,39041000.0
2025-01-10,39041000.0
2025-01-10,39041000.0
2025-01-10,39041000.0
2025-01-10,39041000.0
2025-01-10,39041000.0
2025-01-10,39041000.0
2025-01-10,39041000.0
2025-01-10,39041000.0
2025-01-10,39041000.0
2025-01-10,39041000.0
2025-01-10,39041000.0
2025-01-10,39041000.0
2025-01-10,39041000.0
2025-01-10,39041000.0
2025-01-10,39041000.0
2025-01-10,39041000.0
2025-01-10,39144000.0
2025-01-10,39144000.0
2025-01-10,39144000.0
2025-01-10,39144000.0
2025-01-10,39144000.0
2025-01-10,39144000.0
2025-01-10,39144000.0
2025-01-10,39144000.0
2025-01-13,39144000.0
2025-01-13,39144000.0
2025-01-13,39144000.0
2025-01-13,39144000.0
2025-01-13,40157000.0
2025-01-13,40157000.0
2025-01-13,40157000.0
2025-01-13,40157000.0
2025-01-13,40157000.0
2025-01-13,40157000.0
2025-01-13,40157000.0
2025-01-13,40157000.0
2025-01-13,40157000.0
2025-01-13,40157000.0
2025-01-13,40157000.0
2025-01-13,40157000.0
2025-01-13,40157000.0
2025-01-13,40157000.0
2025-01-13,40157000.0
2025-01-13,40157000.0
2025-01-13,40157000.0
2025-01-13,40157000.0
2025-01-13,40157000.0
2025-01-13,40157000.0
2025-01-13,40157000.0
2025-01-13,40157000.0
2025-01-13,40157000.0
2025-01-13,40157000.0
2025-01-13,40157000.0
2025-01-13,40157000.0
2025-01-13,40157000.0
2025-01-13,39770000.0
2025-01-13,39770000.0
2025-01-13,39770000.0
2025-01-13,39770000.0
2025-01-13,39770000.0
2025-01-13,39770000.0
2025-01-13,39770000.0
2025-01-13,39770000.0
2025-01-13,39770000.0
2025-01-13,39770000.0
2025-01-13,39770000.0
2025-01-13,39770000.0
2025-01-13,39770000.0
2025-01-13,39770000.0
2025-01-13,39770000.0
2025-01-13,39770000.0
2025-01-13,39770000.0
2025-01-13,39770000.0
2025-01-14,39770000.0
2025-01-14,39770000.0
2025-01-14,39843000.0
2025-01-14,39843000.0
2025-01-14,39843000.0
2025-01-14,39843000.0
2025-01-14,39843000.0
2025-01-14,39843000.0
2025-01-14,39843000.0
2025-01-14,39843000.0
2025-01-14,39843000.0
2025-01-14,39843000.0
2025-01-14,39843000.0
2025-01-14,39843000.0
2025-01-14,39843000.0
2025-01-14,39843000.0
2025-01-14,39843000.0
2025-01-14,39843000.0
2025-01-14,39843000.0
2025-01-14,39843000.0
2025-01-14,39843000.0
2025-01-14,39843000.0
2025-01-14,39843000.0
2025-01-14,39843000.0
2025-01-14,39843000.0
2025-01-14,39843000.0
2025-01-14,39843000.0
2025-01-14,39843000.0
2025-01-14,39843000.0
2025-01-14,39843000.0
2025-01-14,39843000.0
2025-01-14,39843000.0
2025-01-14,39843000.0
2025-01-14,39843000.0
2025-01-14,39843000.0
2025-01-14,39843000.0
2025-01-14,39843000.0
2025-01-14,39843000.0
2025-01-14,39843000.0
2025-01-14,39843000.0
2025-01-14,39843000.0
2025-01-14,39843000.0
2025-01-14,39843000.0
2025-01-14,39843000.0
2025-01-14,39843000.0
2025-01-14,39843000.0
2025-01-14,39843000.0
2025-01-14,39843000.0
2025-01-15,39843000.0
2025-01-15,39843000.0
2025-01-15,39843000.0
2025-01-15,39843000.0
2025-01-15,39843000.0
2025-01-15,39596000.0
2025-01-15,39596000.0
2025-01-15,39596000.0
2025-01-15,39596000.0
2025-01-15,39596000.0
2025-01-15,39596000.0
2025-01-15,39596000.0
2025-01-15,39596000.0
2025-01-15,39596000.0
2025-01-15,39596000.0
2025-01-15,39596000.0
2025-01-15,39596000.0
2025-01-15,39596000.0
2025-01-15,39596000.0
2025-01-15,39596000.0
2025-01-15,39596000.0
2025-01-15,39596000.0
2025-01-15,39596000.0
2025-01-15,39596000.0
2025-01-15,39596000.0
2025-01-15,39339000.0
2025-01-15,39339000.0
2025-01-15,39339000.0
2025-01-15,39339000.0
2025-01-15,39339000.0
2025-01-15,39339000.0
2025-01-15,39339000.0
2025-01-15,39339000.0
2025-01-15,38942000.0
2025-01-15,38942000.0
2025-01-15,38942000.0
2025-01-15,38942000.0
2025-01-15,38942000.0
2025-01-15,38942000.0
2025-01-15,38942000.0
2025-01-15,38942000.0
2025-01-15,38942000.0
2025-01-15,38942000.0
2025-01-15,38942000.0
2025-01-15,38942000.0
2025-01-15,38942000.0
2025-01-15,38942000.0
2025-01-15,38942000.0
2025-01-16,38942000.0
2025-01-16,38942000.0
2025-01-16,38942000.0
2025-01-16,38942000.0
2025-01-16,38942000.0
2025-01-16,38942000.0
2025-01-16,38942000.0
2025-01-16,38942000.0
2025-01-16,39065000.0
2025-01-16,39065000.0
2025-01-16,39065000.0
2025-01-16,39065000.0
2025-01-16,39065000.0
2025-01-16,39065000.0
2025-01-16,39065000.0
2025-01-16,39065000.0
2025-01-16,39065000.0
2025-01-16,39065000.0
2025-01-16,39065000.0
2025-01-16,39065000.0
2025-01-16,39065000.0
2025-01-16,39065000.0
2025-01-16,39065000.0
2025-01-16,39065000.0
2025-01-16,39065000.0
2025-01-16,39065000.0
2025-01-16,39065000.0
2025-01-16,39065000.0
2025-01-16,39065000.0
2025-01-16,39065000.0
2025-01-16,39065000.0
2025-01-16,39065000.0
2025-01-16,39065000.0
2025-01-16,39065000.0
2025-01-16,39065000.0
2025-01-16,39065000.0
2025-01-16,39065000.0
2025-01-16,39065000.0
2025-01-16,39065000.0
2025-01-16,39065000.0
2025-01-16,39065000.0
2025-01-16,39065000.0
2025-01-16,39065000.0
2025-01-16,39065000.0
2025-01-16,39065000.0
2025-01-16,39065000.0
2025-01-16,39065000.0
2025-01-16,39065000.0
2025-01-16,39508000.00000001
2025-01-17,39508000.00000001
2025-01-17,39508000.00000001
2025-01-17,39508000.00000001
2025-01-17,39508000.00000001
2025-01-17,39508000.00000001
2025-01-17,39508000.00000001
2025-01-17,39508000.00000001
2025-01-17,39508000.00000001
2025-01-17,39508000.00000001
2025-01-17,39508000.00000001
2025-01-17,39508000.00000001
2025-01-17,39508000.00000001
2025-01-17,39508000.00000001
2025-01-17,39508000.00000001
2025-01-17,39508000.00000001
2025-01-17,39508000.00000001
2025-01-17,39508000.00000001
2025-01-17,39508000.00000001
2025-01-17,39508000.00000001
2025-01-17,39508000.00000001
2025-01-17,39508000.00000001
2025-01-17,39508000.00000001
2025-01-17,39508000.00000001
2025-01-17,39508000.00000001
2025-01-17,39508000.00000001
2025-01-17,39508000.00000001
2025-01-17,39508000.00000001
2025-01-17,39508000.00000001
2025-01-17,39508000.00000001
2025-01-17,39508000.00000001
2025-01-17,39508000.00000001
2025-01-17,39508000.00000001
2025-01-17,39508000.00000001
2025-01-17,39508000.00000001
2025-01-17,39508000.00000001
2025-01-17,39508000.00000001
2025-01-17,39508000.00000001
2025-01-17,39508000.00000001
2025-01-17,39508000.00000001
2025-01-17,39508000.00000001
2025-01-17,39508000.00000001
2025-01-17,39508000.00000001
2025-01-17,39508000.00000001
2025-01-17,39508000.00000001
2025-01-17,39508000.00000001
2025-01-17,39508000.00000001
2025-01-17,39508000.00000001
2025-01-17,39508000.00000001
2025-01-17,39508000.00000001
2025-01-20,39508000.00000001
2025-01-20,39508000.00000001
2025-01-20,39508000.00000001
2025-01-20,39508000.00000001
2025-01-20,39508000.00000001
2025-01-20,40121000.00000001
2025-01-20,40121000.00000001
2025-01-20,40121000.00000001
2025-01-20,40121000.00000001
2025-01-20,40121000.00000001
2025-01-20,40121000.00000001
2025-01-20,40121000.00000001
2025-01-20,40121000.00000001
2025-01-20,40121000.00000001
2025-01-20,40121000.00000001
2025-01-20,40121000.00000001
2025-01-20,40121000.00000001
2025-01-20,40121000.00000001
2025-01-20,40121000.00000001
2025-01-20,40121000.00000001
2025-01-20,40121000.00000001
2025-01-20,40121000.00000001
2025-01-20,40121000.00000001
2025-01-20,40121000.00000001
2025-01-20,40121000.00000001
2025-01-20,40121000.00000001
2025-01-20,40121000.00000001
2025-01-20,40121000.00000001
2025-01-20,40121000.00000001
2025-01-20,40121000.00000001
2025-01-20,40121000.00000001
2025-01-20,40121000.00000001
2025-01-20,40121000.00000001
2025-01-20,39844000.00000001
2025-01-20,39844000.00000001
2025-01-20,39844000.00000001
2025-01-20,39844000.00000001
2025-01-20,39844000.00000001
2025-01-20,39844000.00000001
2025-01-20,39844000.00000001
2025-01-20,39844000.00000001
2025-01-20,39844000.00000001
2025-01-20,39844000.00000001
2025-01-20,39844000.00000001
2025-01-20,39844000.00000001
2025-01-20,39844000.00000001
2025-01-20,39844000.00000001
2025-01-20,39844000.00000001
2025-01-20,39844000.00000001
2025-01-21,39844000.00000001
2025-01-21,39844000.00000001
2025-01-21,39844000.00000001
2025-01-21,39844000.00000001
2025-01-21,39844000.00000001
2025-01-21,39844000.00000001
2025-01-21,39844000.00000001
2025-01-21,39844000.00000001
2025-01-21,39844000.00000001
2025-01-21,39844000.00000001
2025-01-21,39844000.00000001
2025-01-21,39844000.00000001
2025-01-21,39844000.00000001
2025-01-21,39844000.00000001
2025-01-21,39844000.00000001
2025-01-21,39844000.00000001
2025-01-21,39844000.00000001
2025-01-21,39587000.00000001
2025-01-21,39587000.00000001
2025-01-21,39587000.00000001
2025-01-21,39587000.00000001
2025-01-21,39587000.00000001
2025-01-21,39587000.00000001
2025-01-21,39587000.00000001
2025-01-21,39587000.00000001
2025-01-21,39587000.00000001
2025-01-21,39587000.00000001
2025-01-21,39587000.00000001
2025-01-21,39587000.00000001
2025-01-21,39587000.00000001
2025-01-21,39587000.00000001
2025-01-21,39587000.00000001
2025-01-21,39587000.00000001
2025-01-21,39587000.00000001
2025-01-21,39587000.00000001
2025-01-21,39587000.00000001
2025-01-21,39587000.00000001
2025-01-21,39587000.00000001
2025-01-21,39587000.00000001
2025-01-21,39587000.00000001
2025-01-21,39587000.00000001
2025-01-21,40030000.00000001
2025-01-21,40030000.00000001
2025-01-21,40030000.00000001
2025-01-21,40030000.00000001
2025-01-21,40030000.00000001
2025-01-21,40030000.00000001
2025-01-21,40030000.00000001
2025-01-21,40030000.00000001
2025-01-22,40030000.00000001
2025-01-22,40030000.00000001
2025-01-22,40030000.00000001
2025-01-22,40030000.00000001
2025-01-22,40030000.00000001
2025-01-22,40030000.00000001
2025-01-22,40030000.00000001
2025-01-22,39643000.00000001
2025-01-22,39643000.00000001
2025-01-22,39643000.00000001
2025-01-22,39643000.00000001
2025-01-22,39643000.00000001
2025-01-22,39643000.00000001
2025-01-22,39643000.00000001
2025-01-22,39643000.00000001
2025-01-22,39643000.00000001
2025-01-22,39643000.00000001
2025-01-22,39643000.00000001
2025-01-22,39643000.00000001
2025-01-22,39643000.00000001
2025-01-22,39643000.00000001
2025-01-22,39643000.00000001
2025-01-22,39316000.00000001
2025-01-22,39316000.00000001
2025-01-22,39316000.00000001
2025-01-22,39316000.00000001
2025-01-22,39316000.00000001
2025-01-22,39316000.00000001
2025-01-22,39316000.00000001
2025-01-22,39316000.00000001
2025-01-22,39316000.00000001
2025-01-22,39316000.00000001
2025-01-22,39316000.00000001
2025-01-22,39316000.00000001
2025-01-22,39316000.00000001
2025-01-22,39316000.00000001
2025-01-22,39316000.00000001
2025-01-22,39316000.00000001
2025-01-22,39316000.00000001
2025-01-22,39316000.00000001
2025-01-22,39316000.00000001
2025-01-22,39316000.00000001
2025-01-22,39316000.00000001
2025-01-22,39316000.00000001
2025-01-22,39316000.00000001
2025-01-22,39316000.00000001
2025-01-22,39316000.00000001
2025-01-22,39316000.00000001
2025-01-23,39316000.00000001
2025-01-23,39316000.00000001
2025-01-23,39316000.00000001
2025-01-23,39316000.00000001
2025-01-23,39316000.00000001
2025-01-23,39316000.00000001
2025-01-23,39316000.00000001
2025-01-23,39316000.00000001
2025-01-23,39316000.00000001
2025-01-23,39316000.00000001
2025-01-23,39316000.00000001
2025-01-23,39316000.00000001
2025-01-23,39316000.00000001
2025-01-23,39316000.00000001
2025-01-23,39316000.00000001
2025-01-23,39316000.00000001
2025-01-23,39316000.00000001
2025-01-23,39316000.00000001
2025-01-23,39316000.00000001
2025-01-23,39316000.00000001
2025-01-23,39316000.00000001
2025-01-23,39316000.00000001
2025-01-23,39316000.00000001
2025-01-23,39316000.00000001
2025-01-23,39316000.00000001
2025-01-23,39316000.00000001
2025-01-23,39316000.00000001
2025-01-23,39316000.00000001
2025-01-23,39316000.00000001
2025-01-23,39316000.00000001
2025-01-23,39316000.00000001
2025-01-23,39316000.00000001
2025-01-23,39316000.00000001
2025-01-23,39316000.00000001
2025-01-23,39316000.00000001
2025-01-23,39316000.00000001
2025-01-23,39316000.00000001
2025-01-23,39316000.00000001
2025-01-23,39316000.00000001
2025-01-23,39316000.00000001
2025-01-23,39316000.00000001
2025-01-23,39316000.00000001
2025-01-23,39316000.00000001
2025-01-23,39316000.00000001
2025-01-23,39316000.00000001
2025-01-23,39316000.00000001
2025-01-23,39316000.00000001
2025-01-23,39316000.00000001
2025-01-23,39316000.00000001
2025-01-24,40239000.00000001
2025-01-24,40239000.00000001
2025-01-24,40239000.00000001
2025-01-24,40239000.00000001
2025-01-24,40239000.00000001
2025-01-24,40239000.00000001
2025-01-24,40239000.00000001
2025-01-24,40239000.00000001
2025-01-24,40239000.00000001
2025-01-24,40239000.00000001
2025-01-24,40239000.00000001
2025-01-24,40239000.00000001
2025-01-24,40239000.00000001
2025-01-24,40239000.00000001
2025-01-24,40239000.00000001
2025-01-24,40239000.00000001
2025-01-24,40239000.00000001
2025-01-24,40239000.00000001
2025-01-24,40239000.00000001
2025-01-24,40239000.00000001
2025-01-24,40239000.00000001
2025-01-24,40239000.00000001
2025-01-24,40239000.00000001
2025-01-24,40239000.00000001
2025-01-24,40239000.00000001
2025-01-24,40239000.00000001
2025-01-24,40239000.00000001
2025-01-24,40239000.00000001
2025-01-24,40239000.00000001
2025-01-24,40239000.00000001
2025-01-24,40239000.00000001
2025-01-24,40239000.00000001
2025-01-24,40239000.00000001
2025-01-24,40239000.00000001
2025-01-24,40239000.00000001
2025-01-24,40239000.00000001
2025-01-24,40239000.00000001
2025-01-24,40239000.00000001
2025-01-24,40239000.00000001
2025-01-24,40239000.00000001
2025-01-24,40239000.00000001
2025-01-24,40239000.00000001
2025-01-24,40239000.00000001
2025-01-24,40239000.00000001
2025-01-24,40239000.00000001
2025-01-24,40239000.00000001
2025-01-24,40239000.00000001
2025-01-24,40102000.00000001
2025-01-24,40102000.00000001
2025-02-03,40102000.00000001
2025-02-03,40102000.00000001
2025-02-03,40102000.00000001
2025-02-03,40102000.00000001
2025-02-03,40102000.00000001
2025-02-03,40102000.00000001
2025-02-03,40102000.00000001
2025-02-03,40102000.00000001
2025-02-03,40102000.00000001
2025-02-03,40102000.00000001
2025-02-03,40102000.00000001
2025-02-03,40102000.00000001
2025-02-03,40102000.00000001
2025-02-03,40102000.00000001
2025-02-03,40102000.00000001
2025-02-03,40102000.00000001
2025-02-03,40102000.00000001
2025-02-03,40102000.00000001
2025-02-03,40102000.00000001
2025-02-03,40102000.00000001
2025-02-03,40102000.00000001
2025-02-03,40102000.00000001
2025-02-03,40555000.00000001
2025-02-03,40555000.00000001
2025-02-03,40555000.00000001
2025-02-03,40555000.00000001
2025-02-03,40555000.00000001
2025-02-03,40555000.00000001
2025-02-03,40555000.00000001
2025-02-03,40555000.00000001
2025-02-03,40555000.00000001
2025-02-03,40555000.00000001
2025-02-03,40555000.00000001
2025-02-03,40555000.00000001
2025-02-03,40555000.00000001
2025-02-03,40555000.00000001
2025-02-03,40555000.00000001
2025-02-03,40555000.00000001
2025-02-03,40555000.00000001
2025-02-03,40555000.00000001
2025-02-03,40555000.00000001
2025-02-03,40555000.00000001
2025-02-03,40555000.00000001
2025-02-03,40555000.00000001
2025-02-03,40555000.00000001
2025-02-03,40555000.00000001
2025-02-03,40555000.00000001
2025-02-03,40555000.00000001
2025-02-03,40555000.00000001
2025-02-04,40555000.00000001
2025-02-04,40555000.00000001
2025-02-04,40555000.00000001
2025-02-04,40555000.00000001
2025-02-04,40555000.00000001
2025-02-04,40555000.00000001
2025-02-04,40555000.00000001
2025-02-04,40555000.00000001
2025-02-04,40555000.00000001
2025-02-04,40555000.00000001
2025-02-04,40555000.00000001
2025-02-04,40555000.00000001
2025-02-04,40555000.00000001
2025-02-04,40555000.00000001
2025-02-04,40555000.00000001
2025-02-04,40555000.00000001
2025-02-04,40555000.00000001
2025-02-04,40555000.00000001
2025-02-04,40555000.00000001
2025-02-04,40555000.00000001
2025-02-04,40555000.00000001
2025-02-04,40555000.00000001
2025-02-04,40555000.00000001
2025-02-04,40555000.00000001
2025-02-04,40555000.00000001
2025-02-04,40555000.00000001
2025-02-04,40555000.00000001
2025-02-04,40555000.00000001
2025-02-04,40555000.00000001
2025-02-04,40555000.00000001
2025-02-04,40555000.00000001
2025-02-04,40555000.00000001
2025-02-04,40555000.00000001
2025-02-04,40555000.00000001
2025-02-04,40555000.00000001
2025-02-04,40555000.00000001
2025-02-04,40555000.00000001
2025-02-04,40555000.00000001
2025-02-04,40555000.00000001
2025-02-04,40555000.00000001
2025-02-04,40555000.00000001
2025-02-04,40555000.00000001
2025-02-04,40555000.00000001
2025-02-04,40555000.00000001
2025-02-04,40555000.00000001
2025-02-04,40555000.00000001
2025-02-04,40555000.00000001
2025-02-04,40555000.00000001
2025-02-04,40555000.00000001
2025-02-05,40555000.00000001
2025-02-05,40555000.00000001
2025-02-05,40555000.00000001
2025-02-05,40555000.00000001
2025-02-05,40555000.00000001
2025-02-05,40555000.00000001
2025-02-05,40555000.00000001
2025-02-05,40555000.00000001
2025-02-05,40555000.00000001
2025-02-05,40555000.00000001
2025-02-05,40555000.00000001
2025-02-05,40555000.00000001
2025-02-05,40555000.00000001
2025-02-05,40555000.00000001
2025-02-05,40555000.00000001
2025-02-05,40555000.00000001
2025-02-05,40555000.00000001
2025-02-05,40555000.00000001
2025-02-05,40555000.00000001
2025-02-05,40555000.00000001
2025-02-05,40555000.00000001
2025-02-05,40555000.00000001
2025-02-05,40555000.00000001
2025-02-05,40555000.00000001
2025-02-05,40378000.00000001
2025-02-05,40378000.00000001
2025-02-05,40378000.00000001
2025-02-05,40378000.00000001
2025-02-05,40378000.00000001
2025-02-05,40378000.00000001
2025-02-05,40378000.00000001
2025-02-05,40378000.00000001
2025-02-05,40378000.00000001
2025-02-05,40378000.00000001
2025-02-05,40378000.00000001
2025-02-05,40378000.00000001
2025-02-05,40378000.00000001
2025-02-05,40378000.00000001
2025-02-05,40378000.00000001
2025-02-05,40378000.00000001
2025-02-05,40041000.00000001
2025-02-05,40041000.00000001
2025-02-05,40041000.00000001
2025-02-05,40041000.00000001
2025-02-05,40041000.00000001
2025-02-05,40041000.00000001
2025-02-05,40041000.00000001
2025-02-05,40041000.00000001
2025-02-05,40041000.00000001
2025-02-06,40041000.00000001
2025-02-06,40041000.00000001
2025-02-06,40041000.00000001
2025-02-06,40041000.00000001
2025-02-06,40041000.00000001
2025-02-06,40041000.00000001
2025-02-06,40041000.00000001
2025-02-06,40041000.00000001
2025-02-06,40041000.00000001
2025-02-06,40041000.00000001
2025-02-06,40041000.00000001
2025-02-06,40041000.00000001
2025-02-06,40041000.00000001
2025-02-06,40041000.00000001
2025-02-06,40041000.00000001
2025-02-06,40041000.00000001
2025-02-06,40041000.00000001
2025-02-06,40041000.00000001
2025-02-06,40041000.00000001
2025-02-06,40041000.00000001
2025-02-06,40041000.00000001
2025-02-06,40041000.00000001
2025-02-06,40041000.00000001
2025-02-06,40041000.00000001
2025-02-06,40041000.00000001
2025-02-06,40041000.00000001
2025-02-06,40041000.00000001
2025-02-06,40041000.00000001
2025-02-06,40041000.00000001
2025-02-06,40041000.00000001
2025-02-06,40041000.00000001
2025-02-06,40041000.00000001
2025-02-06,40041000.00000001
2025-02-06,40041000.00000001
2025-02-06,40314000.00000001
2025-02-06,40314000.00000001
2025-02-06,40314000.00000001
2025-02-06,40314000.00000001
2025-02-06,40314000.00000001
2025-02-06,40314000.00000001
2025-02-06,40314000.00000001
2025-02-06,40314000.00000001
2025-02-06,40314000.00000001
2025-02-06,40314000.00000001
2025-02-06,40067000.00000001
2025-02-06,40067000.00000001
2025-02-06,40067000.00000001
2025-02-06,40067000.00000001
2025-02-07,40067000.00000001
2025-02-07,40067000.00000001
2025-02-07,40067000.00000001
2025-02-07,40067000.00000001
2025-02-07,40067000.00000001
2025-02-07,40067000.00000001
2025-02-07,40067000.00000001
2025-02-07,40067000.00000001
2025-02-07,40067000.00000001
2025-02-07,40067000.00000001
2025-02-07,40067000.00000001
2025-02-07,40067000.00000001
2025-02-07,40067000.00000001
2025-02-07,40067000.00000001
2025-02-07,40067000.00000001
2025-02-07,40067000.00000001
2025-02-07,40067000.00000001
2025-02-07,40067000.00000001
2025-02-07,40067000.00000001
2025-02-07,40067000.00000001
2025-02-07,40067000.00000001
2025-02-07,40067000.00000001
2025-02-07,40067000.00000001
2025-02-07,40067000.00000001
2025-02-07,40067000.00000001
2025-02-07,40067000.00000001
2025-02-07,40067000.00000001
2025-02-07,40067000.00000001
2025-02-07,40067000.00000001
2025-02-07,40067000.00000001
2025-02-07,40067000.00000001
2025-02-07,40067000.00000001
2025-02-07,40067000.00000001
2025-02-07,40067000.00000001
2025-02-07,40067000.00000001
2025-02-07,40067000.00000001
2025-02-07,40067000.00000001
2025-02-07,40067000.00000001
2025-02-07,40067000.00000001
2025-02-07,40067000.00000001
2025-02-07,40067000.00000001
2025-02-07,40067000.00000001
2025-02-07,40067000.00000001
2025-02-07,40067000.00000001
2025-02-07,40067000.00000001
2025-02-07,40067000.00000001
2025-02-07,40067000.00000001
2025-02-07,40067000.00000001
2025-02-10,38850000.00000001
2025-02-10,38850000.00000001
2025-02-10,38850000.00000001
2025-02-10,38850000.00000001
2025-02-10,38850000.00000001
2025-02-10,38850000.00000001
2025-02-10,38850000.00000001
2025-02-10,38850000.00000001
2025-02-10,38850000.00000001
2025-02-10,38850000.00000001
2025-02-10,38850000.00000001
2025-02-10,38850000.00000001
2025-02-10,38850000.00000001
2025-02-10,38850000.00000001
2025-02-10,38850000.00000001
2025-02-10,38850000.00000001
2025-02-10,38850000.00000001
2025-02-10,38850000.00000001
2025-02-10,38850000.00000001
2025-02-10,38850000.00000001
2025-02-10,38850000.00000001
2025-02-10,38850000.00000001
2025-02-10,38850000.00000001
2025-02-10,38850000.00000001
2025-02-10,38623000.00000001
2025-02-10,38623000.00000001
2025-02-10,38623000.00000001
2025-02-10,38623000.00000001
2025-02-10,38623000.00000001
2025-02-10,38623000.00000001
2025-02-10,38623000.00000001
2025-02-10,38623000.00000001
2025-02-10,38623000.00000001
2025-02-10,38623000.00000001
2025-02-10,38623000.00000001
2025-02-10,38623000.00000001
2025-02-10,38623000.00000001
2025-02-10,38623000.00000001
2025-02-10,38376000.00000001
2025-02-10,38376000.00000001
2025-02-10,38376000.00000001
2025-02-10,38376000.00000001
2025-02-10,38376000.00000001
2025-02-10,38376000.00000001
2025-02-10,38376000.00000001
2025-02-10,38376000.00000001
2025-02-10,38376000.00000001
2025-02-10,38376000.00000001
2025-02-11,38376000.00000001
2025-02-11,38376000.00000001
2025-02-11,38376000.00000001
2025-02-11,38376000.00000001
2025-02-11,38376000.00000001
2025-02-11,38376000.00000001
2025-02-11,38376000.00000001
2025-02-11,38376000.00000001
2025-02-11,38376000.00000001
2025-02-11,38376000.00000001
2025-02-11,38376000.00000001
2025-02-11,38376000.00000001
2025-02-11,38376000.00000001
2025-02-11,38376000.00000001
2025-02-11,38376000.00000001
2025-02-11,38376000.00000001
2025-02-11,38376000.00000001
2025-02-11,38376000.00000001
2025-02-11,38376000.00000001
2025-02-11,38376000.00000001
2025-02-11,38376000.00000001
2025-02-11,38376000.00000001
2025-02-11,38376000.00000001
2025-02-11,38376000.00000001
2025-02-11,38376000.00000001
2025-02-11,38376000.00000001
2025-02-11,38376000.00000001
2025-02-11,38376000.00000001
2025-02-11,38376000.00000001
2025-02-11,38376000.00000001
2025-02-11,38376000.00000001
2025-02-11,38376000.00000001
2025-02-11,38376000.00000001
2025-02-11,38376000.00000001
2025-02-11,38376000.00000001
2025-02-11,38376000.00000001
2025-02-11,38376000.00000001
2025-02-11,38376000.00000001
2025-02-11,38376000.00000001
2025-02-11,38376000.00000001
2025-02-11,38376000.00000001
2025-02-11,38376000.00000001
2025-02-11,38376000.00000001
2025-02-11,38376000.00000001
2025-02-11,38376000.00000001
2025-02-11,38376000.00000001
2025-02-11,38376000.00000001
2025-02-11,38376000.00000001
2025-02-11,38376000.00000001
2025-02-12,38376000.00000001
2025-02-12,38376000.00000001
2025-02-12,38376000.00000001
2025-02-12,38376000.00000001
2025-02-12,38376000.00000001
2025-02-12,38376000.00000001
2025-02-12,38376000.00000001
2025-02-12,38376000.00000001
2025-02-12,38376000.00000001
2025-02-12,38376000.00000001
2025-02-12,38376000.00000001
2025-02-12,38376000.00000001
2025-02-12,38376000.00000001
2025-02-12,38376000.00000001
2025-02-12,38376000.00000001
2025-02-12,38376000.00000001
2025-02-12,38376000.00000001
2025-02-12,38376000.00000001
2025-02-12,38376000.00000001
2025-02-12,38376000.00000001
2025-02-12,38376000.00000001
2025-02-12,38376000.00000001
2025-02-12,38376000.00000001
2025-02-12,38376000.00000001
2025-02-12,38376000.00000001
2025-02-12,38376000.00000001
2025-02-12,38376000.00000001
2025-02-12,38376000.00000001
2025-02-12,38376000.00000001
2025-02-12,38376000.00000001
2025-02-12,38376000.00000001
2025-02-12,38376000.00000001
2025-02-12,38376000.00000001
2025-02-12,38376000.00000001
2025-02-12,38376000.00000001
2025-02-12,38376000.00000001
2025-02-12,38376000.00000001
2025-02-12,38376000.00000001
2025-02-12,38376000.00000001
2025-02-12,38089000.00000001
2025-02-12,38089000.00000001
2025-02-12,38089000.00000001
2025-02-12,38089000.00000001
2025-02-12,38089000.00000001
2025-02-12,38089000.00000001
2025-02-12,38089000.00000001
2025-02-12,38089000.00000001
2025-02-12,38089000.00000001
2025-02-12,38089000.00000001
2025-02-13,38089000.00000001
2025-02-13,38089000.00000001
2025-02-13,38089000.00000001
2025-02-13,38089000.00000001
2025-02-13,38089000.00000001
2025-02-13,38089000.00000001
2025-02-13,38089000.00000001
2025-02-13,38089000.00000001
2025-02-13,38089000.00000001
2025-02-13,38089000.00000001
2025-02-13,38089000.00000001
2025-02-13,38089000.00000001
2025-02-13,38089000.00000001
2025-02-13,38089000.00000001
2025-02-13,38089000.00000001
2025-02-13,38089000.00000001
2025-02-13,38089000.00000001
2025-02-13,38089000.00000001
2025-02-13,38089000.00000001
2025-02-13,38712000.00000001
2025-02-13,38712000.00000001
2025-02-13,38712000.00000001
2025-02-13,38712000.00000001
2025-02-13,38712000.00000001
2025-02-13,38712000.00000001
2025-02-13,38712000.00000001
2025-02-13,38712000.00000001
2025-02-13,38712000.00000001
2025-02-13,38712000.00000001
2025-02-13,38712000.00000001
2025-02-13,38712000.00000001
2025-02-13,38712000.00000001
2025-02-13,38712000.00000001
2025-02-13,38712000.00000001
2025-02-13,38712000.00000001
2025-02-13,38712000.00000001
2025-02-13,38712000.00000001
2025-02-13,38712000.00000001
2025-02-13,38712000.00000001
2025-02-13,38712000.00000001
2025-02-13,38712000.00000001
2025-02-13,38712000.00000001
2025-02-13,38712000.00000001
2025-02-13,38712000.00000001
2025-02-13,38675000.00000001
2025-02-13,38675000.00000001
2025-02-13,38675000.00000001
2025-02-13,38675000.00000001
2025-02-13,38675000.00000001
2025-02-14,38675000.00000001
2025-02-14,38675000.00000001
2025-02-14,38675000.00000001
2025-02-14,38675000.00000001
2025-02-14,38675000.00000001
2025-02-14,38675000.00000001
2025-02-14,38675000.00000001
2025-02-14,38675000.00000001
2025-02-14,38675000.00000001
2025-02-14,38675000.00000001
2025-02-14,38675000.00000001
2025-02-14,38675000.00000001
2025-02-14,38675000.00000001
2025-02-14,38675000.00000001
2025-02-14,38398000.00000001
2025-02-14,38398000.00000001
2025-02-14,38398000.00000001
2025-02-14,38398000.00000001
2025-02-14,38398000.00000001
2025-02-14,38398000.00000001
2025-02-14,38398000.00000001
2025-02-14,38398000.00000001
2025-02-14,38398000.00000001
2025-02-14,38398000.00000001
2025-02-14,38398000.00000001
2025-02-14,38398000.00000001
2025-02-14,38131000.00000001
2025-02-14,38131000.00000001
2025-02-14,38131000.00000001
2025-02-14,38131000.00000001
2025-02-14,38131000.00000001
2025-02-14,38131000.00000001
2025-02-14,38131000.00000001
2025-02-14,38131000.00000001
2025-02-14,38131000.00000001
2025-02-14,38131000.00000001
2025-02-14,38131000.00000001
2025-02-14,38131000.00000001
2025-02-14,38131000.00000001
2025-02-14,38131000.00000001
2025-02-14,38131000.00000001
2025-02-14,38131000.00000001
2025-02-14,38131000.00000001
2025-02-14,38131000.00000001
2025-02-14,38131000.00000001
2025-02-14,38131000.00000001
2025-02-14,38131000.00000001
2025-02-14,38131000.00000001
2025-02-17,38131000.00000001
2025-02-17,38131000.00000001
2025-02-17,38131000.00000001
2025-02-17,38131000.00000001
2025-02-17,38131000.00000001
2025-02-17,38131000.00000001
2025-02-17,38131000.00000001
2025-02-17,38131000.00000001
2025-02-17,38131000.00000001
2025-02-17,38131000.00000001
2025-02-17,38131000.00000001
2025-02-17,38131000.00000001
2025-02-17,38131000.00000001
2025-02-17,38131000.00000001
2025-02-17,38384000.00000001
2025-02-17,38384000.00000001
2025-02-17,38384000.00000001
2025-02-17,38384000.00000001
2025-02-17,38384000.00000001
2025-02-17,38384000.00000001
2025-02-17,38384000.00000001
2025-02-17,38384000.00000001
2025-02-17,38384000.00000001
2025-02-17,38384000.00000001
2025-02-17,38384000.00000001
2025-02-17,38384000.00000001
2025-02-17,38384000.00000001
2025-02-17,38384000.00000001
2025-02-17,38384000.00000001
2025-02-17,38384000.00000001
2025-02-17,38384000.00000001
2025-02-17,38384000.00000001
2025-02-17,38384000.00000001
2025-02-17,38384000.00000001
2025-02-17,38384000.00000001
2025-02-17,38384000.00000001
2025-02-17,38384000.00000001
2025-02-17,38384000.00000001
2025-02-17,38384000.00000001
2025-02-17,38384000.00000001
2025-02-17,38384000.00000001
2025-02-17,38384000.00000001
2025-02-17,38384000.00000001
2025-02-17,38384000.00000001
2025-02-17,38384000.00000001
2025-02-17,38384000.00000001
2025-02-17,38384000.00000001
2025-02-17,38384000.00000001
2025-02-18,38384000.00000001
2025-02-18,38384000.00000001
2025-02-18,38384000.00000001
2025-02-18,38384000.00000001
2025-02-18,38384000.00000001
2025-02-18,38127000.00000001
2025-02-18,38127000.00000001
2025-02-18,38127000.00000001
2025-02-18,38127000.00000001
2025-02-18,38127000.00000001
2025-02-18,38127000.00000001
2025-02-18,38127000.00000001
2025-02-18,38127000.00000001
2025-02-18,38127000.00000001
2025-02-18,38127000.00000001
2025-02-18,38127000.00000001
2025-02-18,38127000.00000001
2025-02-18,38127000.00000001
2025-02-18,38127000.00000001
2025-02-18,38127000.00000001
2025-02-18,38127000.00000001
2025-02-18,38127000.00000001
2025-02-18,38127000.00000001
2025-02-18,38127000.00000001
2025-02-18,38127000.00000001
2025-02-18,38127000.00000001
2025-02-18,38127000.00000001
2025-02-18,38127000.00000001
2025-02-18,37860000.00000001
2025-02-18,37860000.00000001
2025-02-18,37860000.00000001
2025-02-18,37860000.00000001
2025-02-18,37860000.00000001
2025-02-18,37860000.00000001
2025-02-18,37860000.00000001
2025-02-18,37860000.00000001
2025-02-18,37860000.00000001
2025-02-18,37860000.00000001
2025-02-18,37860000.00000001
2025-02-18,37860000.00000001
2025-02-18,37860000.00000001
2025-02-18,37860000.00000001
2025-02-18,37860000.00000001
2025-02-18,37860000.00000001
2025-02-18,37860000.00000001
2025-02-18,37860000.00000001
2025-02-18,37860000.00000001
2025-02-18,37860000.00000001
2025-02-18,37860000.00000001
2025-02-19,37860000.00000001
2025-02-19,37860000.00000001
2025-02-19,37860000.00000001
2025-02-19,37860000.00000001
2025-02-19,37860000.00000001
2025-02-19,37860000.00000001
2025-02-19,37860000.00000001
2025-02-19,37860000.00000001
2025-02-19,37860000.00000001
2025-02-19,37860000.00000001
2025-02-19,37860000.00000001
2025-02-19,37860000.00000001
2025-02-19,37860000.00000001
2025-02-19,37860000.00000001
2025-02-19,37613000.00000001
2025-02-19,37613000.00000001
2025-02-19,37613000.00000001
2025-02-19,37613000.00000001
2025-02-19,37613000.00000001
2025-02-19,37613000.00000001
2025-02-19,37613000.00000001
2025-02-19,37613000.00000001
2025-02-19,37336000.00000001
2025-02-19,37336000.00000001
2025-02-19,37336000.00000001
2025-02-19,37336000.00000001
2025-02-19,37336000.00000001
2025-02-19,37336000.00000001
2025-02-19,37336000.00000001
2025-02-19,37336000.00000001
2025-02-19,37336000.00000001
2025-02-19,37336000.00000001
2025-02-19,37336000.00000001
2025-02-19,37336000.00000001
2025-02-19,37336000.00000001
2025-02-19,37336000.00000001
2025-02-19,37336000.00000001
2025-02-19,37336000.00000001
2025-02-19,37336000.00000001
2025-02-19,36929000.00000001
2025-02-19,36929000.00000001
2025-02-19,36929000.00000001
2025-02-19,36929000.00000001
2025-02-19,36929000.00000001
2025-02-19,36929000.00000001
2025-02-19,36929000.00000001
2025-02-19,36929000.00000001
2025-02-19,36929000.00000001
2025-02-19,36929000.00000001
2025-02-20,36929000.00000001
2025-02-20,36929000.00000001
2025-02-20,36929000.00000001
2025-02-20,36929000.00000001
2025-02-20,36929000.00000001
2025-02-20,36929000.00000001
2025-02-20,36929000.00000001
2025-02-20,36929000.00000001
2025-02-20,36929000.00000001
2025-02-20,36929000.00000001
2025-02-20,36929000.00000001
2025-02-20,36929000.00000001
2025-02-20,36929000.00000001
2025-02-20,36929000.00000001
2025-02-20,36929000.00000001
2025-02-20,36929000.00000001
2025-02-20,36929000.00000001
2025-02-20,36929000.00000001
2025-02-20,36929000.00000001
2025-02-20,36929000.00000001
2025-02-20,36929000.00000001
2025-02-20,36929000.00000001
2025-02-20,36929000.00000001
2025-02-20,36929000.00000001
2025-02-20,36929000.00000001
2025-02-20,36929000.00000001
2025-02-20,36929000.00000001
2025-02-20,36929000.00000001
2025-02-20,36929000.00000001
2025-02-20,36929000.00000001
2025-02-20,36929000.00000001
2025-02-20,36929000.00000001
2025-02-20,36929000.00000001
2025-02-20,36929000.00000001
2025-02-20,36929000.00000001
2025-02-20,36929000.00000001
2025-02-20,37022000.00000001
2025-02-20,37022000.00000001
2025-02-20,37022000.00000001
2025-02-20,37022000.00000001
2025-02-20,37022000.00000001
2025-02-20,37022000.00000001
2025-02-20,37022000.00000001
2025-02-20,37022000.00000001
2025-02-20,37022000.00000001
2025-02-20,37022000.00000001
2025-02-20,37022000.00000001
2025-02-20,37022000.00000001
2025-02-20,36775000.00000001
2025-02-21,36775000.00000001
2025-02-21,36775000.00000001
2025-02-21,36775000.00000001
2025-02-21,36775000.00000001
2025-02-21,36775000.00000001
2025-02-21,36775000.00000001
2025-02-21,36775000.00000001
2025-02-21,36775000.00000001
2025-02-21,36775000.00000001
2025-02-21,36775000.00000001
2025-02-21,36775000.00000001
2025-02-21,36775000.00000001
2025-02-21,36775000.00000001
2025-02-21,36775000.00000001
2025-02-21,36775000.00000001
2025-02-21,36775000.00000001
2025-02-21,36775000.00000001
2025-02-21,36775000.00000001
2025-02-21,36775000.00000001
2025-02-21,36775000.00000001
2025-02-21,36775000.00000001
2025-02-21,36775000.00000001
2025-02-21,36775000.00000001
2025-02-21,36775000.00000001
2025-02-21,36775000.00000001
2025-02-21,36775000.00000001
2025-02-21,36775000.00000001
2025-02-21,36775000.00000001
2025-02-21,36775000.00000001
2025-02-21,36775000.00000001
2025-02-21,36775000.00000001
2025-02-21,36775000.00000001
2025-02-21,36775000.00000001
2025-02-21,36775000.00000001
2025-02-21,36775000.00000001
2025-02-21,36775000.00000001
2025-02-21,36775000.00000001
2025-02-21,36775000.00000001
2025-02-21,36878000.00000001
2025-02-21,36878000.00000001
2025-02-21,36878000.00000001
2025-02-21,36878000.00000001
2025-02-21,36878000.00000001
2025-02-21,36878000.00000001
2025-02-21,36878000.00000001
2025-02-21,36878000.00000001
2025-02-21,36878000.00000001
2025-02-21,36878000.00000001
2025-02-21,36878000.00000001
2025-02-24,36878000.00000001
2025-02-24,36878000.00000001
2025-02-24,36878000.00000001
2025-02-24,36878000.00000001
2025-02-24,36878000.00000001
2025-02-24,36878000.00000001
2025-02-24,36878000.00000001
2025-02-24,36878000.00000001
2025-02-24,36878000.00000001
2025-02-24,36878000.00000001
2025-02-24,36878000.00000001
2025-02-24,36878000.00000001
2025-02-24,36878000.00000001
2025-02-24,36878000.00000001
2025-02-24,36878000.00000001
2025-02-24,36878000.00000001
2025-02-24,36878000.00000001
2025-02-24,36878000.00000001
2025-02-24,36878000.00000001
2025-02-24,36878000.00000001
2025-02-24,36621000.00000001
2025-02-24,36621000.00000001
2025-02-24,36621000.00000001
2025-02-24,36621000.00000001
2025-02-24,36621000.00000001
2025-02-24,36621000.00000001
2025-02-24,36621000.00000001
2025-02-24,36621000.00000001
2025-02-24,36621000.00000001
2025-02-24,36621000.00000001
2025-02-24,36621000.00000001
2025-02-24,36621000.00000001
2025-02-24,36621000.00000001
2025-02-24,36621000.00000001
2025-02-24,36621000.00000001
2025-02-24,36621000.00000001
2025-02-24,36621000.00000001
2025-02-24,36621000.00000001
2025-02-24,36621000.00000001
2025-02-24,36621000.00000001
2025-02-24,36621000.00000001
2025-02-24,36621000.00000001
2025-02-24,36621000.00000001
2025-02-24,36621000.00000001
2025-02-24,36621000.00000001
2025-02-24,36621000.00000001
2025-02-24,36621000.00000001
2025-02-24,36621000.00000001
2025-02-25,36621000.00000001
2025-02-25,36621000.00000001
2025-02-25,36621000.00000001
2025-02-25,36621000.00000001
2025-02-25,36621000.00000001
2025-02-25,36964000.00000001
2025-02-25,36964000.00000001
2025-02-25,36964000.00000001
2025-02-25,36964000.00000001
2025-02-25,36964000.00000001
2025-02-25,36964000.00000001
2025-02-25,36964000.00000001
2025-02-25,36964000.00000001
2025-02-25,36964000.00000001
2025-02-25,36964000.00000001
2025-02-25,36964000.00000001
2025-02-25,36964000.00000001
2025-02-25,36964000.00000001
2025-02-25,36964000.00000001
2025-02-25,36964000.00000001
2025-02-25,36964000.00000001
2025-02-25,36964000.00000001
2025-02-25,36964000.00000001
2025-02-25,36964000.00000001
2025-02-25,36964000.00000001
2025-02-25,36964000.00000001
2025-02-25,36964000.00000001
2025-02-25,36964000.00000001
2025-02-25,36964000.00000001
2025-02-25,36964000.00000001
2025-02-25,36964000.00000001
2025-02-25,36964000.00000001
2025-02-25,36964000.00000001
2025-02-25,36964000.00000001
2025-02-25,36964000.00000001
2025-02-25,36964000.00000001
2025-02-25,36964000.00000001
2025-02-25,36964000.00000001
2025-02-25,36964000.00000001
2025-02-25,36964000.00000001
2025-02-25,36964000.00000001
2025-02-26,36964000.00000001
2025-02-26,36964000.00000001
2025-02-26,36964000.00000001
2025-02-26,36964000.00000001
2025-02-26,36964000.00000001
2025-02-26,36964000.00000001
2025-02-26,36964000.00000001
2025-02-26,36964000.00000001
2025-02-26,36964000.00000001
2025-02-26,36964000.00000001
2025-02-26,36964000.00000001
2025-02-26,36964000.00000001
2025-02-26,36964000.00000001
2025-02-26,36964000.00000001
2025-02-26,36964000.00000001
2025-02-26,36964000.00000001
2025-02-26,36964000.00000001
2025-02-26,36964000.00000001
2025-02-26,36964000.00000001
2025-02-26,36964000.00000001
2025-02-26,36964000.00000001
2025-02-26,36964000.00000001
2025-02-26,36964000.00000001
2025-02-26,36964000.00000001
2025-02-26,36964000.00000001
2025-02-26,36964000.00000001
2025-02-26,36964000.00000001
2025-02-26,36964000.00000001
2025-02-26,36964000.00000001
2025-02-26,36964000.00000001
2025-02-26,36964000.00000001
2025-02-26,36964000.00000001
2025-02-26,36964000.00000001
2025-02-26,36964000.00000001
2025-02-26,36964000.00000001
2025-02-26,36964000.00000001
2025-02-26,36964000.00000001
2025-02-26,36964000.00000001
2025-02-26,36964000.00000001
2025-02-26,36964000.00000001
2025-02-26,36964000.00000001
2025-02-26,36964000.00000001
2025-02-26,36964000.00000001
2025-02-26,36964000.00000001
2025-02-26,36964000.00000001
2025-02-26,36964000.00000001
2025-02-26,36964000.00000001
2025-02-26,36964000.00000001
2025-02-26,36964000.00000001
2025-02-27,36964000.00000001
2025-02-27,36964000.00000001
2025-02-27,36964000.00000001
2025-02-27,36964000.00000001
2025-02-27,36964000.00000001
2025-02-27,36964000.00000001
2025-02-27,36964000.00000001
2025-02-27,36964000.00000001
2025-02-27,36964000.00000001
2025-02-27,36964000.00000001
2025-02-27,36964000.00000001
2025-02-27,36964000.00000001
2025-02-27,36964000.00000001
2025-02-27,36964000.00000001
2025-02-27,36964000.00000001
2025-02-27,36964000.00000001
2025-02-27,36964000.00000001
2025-02-27,36964000.00000001
2025-02-27,36964000.00000001
2025-02-27,36964000.00000001
2025-02-27,36964000.00000001
2025-02-27,36964000.00000001
2025-02-27,36964000.00000001
2025-02-27,36964000.00000001
2025-02-27,36964000.00000001
2025-02-27,36964000.00000001
2025-02-27,36964000.00000001
2025-02-27,36964000.00000001
2025-02-27,36964000.00000001
2025-02-27,36964000.00000001
2025-02-27,36964000.00000001
2025-02-27,36964000.00000001
2025-02-27,37517000.00000001
2025-02-27,37517000.00000001
2025-02-27,37517000.00000001
2025-02-27,37517000.00000001
2025-02-27,37517000.00000001
2025-02-27,37517000.00000001
2025-02-27,37517000.00000001
2025-02-27,37240000.00000001
2025-02-27,37240000.00000001
2025-02-27,37240000.00000001
2025-02-27,37240000.00000001
2025-02-27,37240000.00000001
2025-02-27,37240000.00000001
2025-02-27,37240000.00000001
2025-02-27,37240000.00000001
2025-02-27,37240000.00000001
2025-02-27,37240000.00000001
2025-02-28,36843000.00000001
2025-02-28,36843000.00000001
2025-02-28,36843000.00000001
2025-02-28,36843000.00000001
2025-02-28,36843000.00000001
2025-02-28,36843000.00000001
2025-02-28,36843000.00000001
2025-02-28,36843000.00000001
2025-02-28,36843000.00000001
2025-02-28,36843000.00000001
2025-02-28,36843000.00000001
2025-02-28,36843000.00000001
2025-02-28,36843000.00000001
2025-02-28,36843000.00000001
2025-02-28,36843000.00000001
2025-02-28,36843000.00000001
2025-02-28,36843000.00000001
2025-02-28,36843000.00000001
2025-02-28,36843000.00000001
2025-02-28,36843000.00000001
2025-02-28,36476000.00000001
2025-02-28,36476000.00000001
2025-02-28,36476000.00000001
2025-02-28,36476000.00000001
2025-02-28,36476000.00000001
2025-02-28,36476000.00000001
2025-02-28,36476000.00000001
2025-02-28,36476000.00000001
2025-02-28,36476000.00000001
2025-02-28,36476000.00000001
2025-02-28,36476000.00000001
2025-02-28,36476000.00000001
2025-02-28,36476000.00000001
2025-02-28,36476000.00000001
2025-02-28,36476000.00000001
2025-02-28,36476000.00000001
2025-02-28,36476000.00000001
2025-02-28,36476000.00000001
2025-02-28,36476000.00000001
2025-02-28,36476000.00000001
2025-02-28,36476000.00000001
2025-02-28,36476000.00000001
2025-02-28,36476000.00000001
2025-02-28,36476000.00000001
2025-02-28,36476000.00000001
2025-02-28,36476000.00000001
2025-02-28,36476000.00000001
2025-02-28,36476000.00000001
2025-02-28,36476000.00000001
2025-03-03,36476000.00000001
2025-03-03,36476000.00000001
2025-03-03,36476000.00000001
2025-03-03,36476000.00000001
2025-03-03,36119000.00000001
2025-03-03,36119000.00000001
2025-03-03,36119000.00000001
2025-03-03,36119000.00000001
2025-03-03,36119000.00000001
2025-03-03,36119000.00000001
2025-03-03,36119000.00000001
2025-03-03,36119000.00000001
2025-03-03,36119000.00000001
2025-03-03,36119000.00000001
2025-03-03,36119000.00000001
2025-03-03,36119000.00000001
2025-03-03,36119000.00000001
2025-03-03,36119000.00000001
2025-03-03,36119000.00000001
2025-03-03,36119000.00000001
2025-03-03,36119000.00000001
2025-03-03,36119000.00000001
2025-03-03,36119000.00000001
2025-03-03,36119000.00000001
2025-03-03,36119000.00000001
2025-03-03,36119000.00000001
2025-03-03,36119000.00000001
2025-03-03,36119000.00000001
2025-03-03,36119000.00000001
2025-03-03,36119000.00000001
2025-03-03,36119000.00000001
2025-03-03,36119000.00000001
2025-03-03,36119000.00000001
2025-03-03,35842000.00000001
2025-03-03,35842000.00000001
2025-03-03,35842000.00000001
2025-03-03,35842000.00000001
2025-03-03,35842000.00000001
2025-03-03,35842000.00000001
2025-03-03,35842000.00000001
2025-03-03,35842000.00000001
2025-03-03,35842000.00000001
2025-03-03,35842000.00000001
2025-03-03,35842000.00000001
2025-03-03,35842000.00000001
2025-03-03,35842000.00000001
2025-03-03,35842000.00000001
2025-03-03,35555000.00000001
2025-03-03,35555000.00000001
2025-03-04,35555000.00000001
2025-03-04,35555000.00000001
2025-03-04,35555000.00000001
2025-03-04,35555000.00000001
2025-03-04,35555000.00000001
2025-03-04,35555000.00000001
2025-03-04,35555000.00000001
2025-03-04,35555000.00000001
2025-03-04,35288000.00000001
2025-03-04,35288000.00000001
2025-03-04,35288000.00000001
2025-03-04,35288000.00000001
2025-03-04,35288000.00000001
2025-03-04,35288000.00000001
2025-03-04,35288000.00000001
2025-03-04,35288000.00000001
2025-03-04,35288000.00000001
2025-03-04,35288000.00000001
2025-03-04,35288000.00000001
2025-03-04,35288000.00000001
2025-03-04,35288000.00000001
2025-03-04,35288000.00000001
2025-03-04,35288000.00000001
2025-03-04,35288000.00000001
2025-03-04,35288000.00000001
2025-03-04,35288000.00000001
2025-03-04,35021000.00000001
2025-03-04,35021000.00000001
2025-03-04,35021000.00000001
2025-03-04,35021000.00000001
2025-03-04,35021000.00000001
2025-03-04,35021000.00000001
2025-03-04,35021000.00000001
2025-03-04,35021000.00000001
2025-03-04,35021000.00000001
2025-03-04,35021000.00000001
2025-03-04,35021000.00000001
2025-03-04,35021000.00000001
2025-03-04,35021000.00000001
2025-03-04,35021000.00000001
2025-03-04,35021000.00000001
2025-03-04,35021000.00000001
2025-03-04,35021000.00000001
2025-03-04,35021000.00000001
2025-03-04,35021000.00000001
2025-03-04,35724000.00000001
2025-03-04,35724000.00000001
2025-03-04,35724000.00000001
2025-03-04,35724000.00000001
2025-03-05,35724000.00000001
2025-03-05,35724000.00000001
2025-03-05,35724000.00000001
2025-03-05,35724000.00000001
2025-03-05,35724000.00000001
2025-03-05,35724000.00000001
2025-03-05,35724000.00000001
2025-03-05,35724000.00000001
2025-03-05,35724000.00000001
2025-03-05,35997000.00000001
2025-03-05,35997000.00000001
2025-03-05,35997000.00000001
2025-03-05,35997000.00000001
2025-03-05,35997000.00000001
2025-03-05,35997000.00000001
2025-03-05,35997000.00000001
2025-03-05,35997000.00000001
2025-03-05,35997000.00000001
2025-03-05,35997000.00000001
2025-03-05,35997000.00000001
2025-03-05,35997000.00000001
2025-03-05,35997000.00000001
2025-03-05,35997000.00000001
2025-03-05,35997000.00000001
2025-03-05,35997000.00000001
2025-03-05,35997000.00000001
2025-03-05,35997000.00000001
2025-03-05,35997000.00000001
2025-03-05,35997000.00000001
2025-03-05,35997000.00000001
2025-03-05,35997000.00000001
2025-03-05,35997000.00000001
2025-03-05,35997000.00000001
2025-03-05,35997000.00000001
2025-03-05,35997000.00000001
2025-03-05,35997000.00000001
2025-03-05,35997000.00000001
2025-03-05,35997000.00000001
2025-03-05,35997000.00000001
2025-03-05,35997000.00000001
2025-03-05,35997000.00000001
2025-03-05,35997000.00000001
2025-03-05,35997000.00000001
2025-03-05,35997000.00000001
2025-03-05,35997000.00000001
2025-03-05,35997000.00000001
2025-03-05,35997000.00000001
2025-03-05,35997000.00000001
2025-03-06,35997000.00000001
2025-03-06,35997000.00000001
2025-03-06,35997000.00000001
2025-03-06,35997000.00000001
2025-03-06,35997000.00000001
2025-03-06,35997000.00000001
2025-03-06,35997000.00000001
2025-03-06,35997000.00000001
2025-03-06,35997000.00000001
2025-03-06,35997000.00000001
2025-03-06,35997000.00000001
2025-03-06,35997000.00000001
2025-03-06,35997000.00000001
2025-03-06,35997000.00000001
2025-03-06,35997000.00000001
2025-03-06,35997000.00000001
2025-03-06,35997000.00000001
2025-03-06,35997000.00000001
2025-03-06,35997000.00000001
2025-03-06,35997000.00000001
2025-03-06,35997000.00000001
2025-03-06,35997000.00000001
2025-03-06,35997000.00000001
2025-03-06,35997000.00000001
2025-03-06,35997000.00000001
2025-03-06,35997000.00000001
2025-03-06,35997000.00000001
2025-03-06,35997000.00000001
2025-03-06,35997000.00000001
2025-03-06,35997000.00000001
2025-03-06,35997000.00000001
2025-03-06,35997000.00000001
2025-03-06,35997000.00000001
2025-03-06,35940000.00000001
2025-03-06,35940000.00000001
2025-03-06,35940000.00000001
2025-03-06,35940000.00000001
2025-03-06,35940000.00000001
2025-03-06,35940000.00000001
2025-03-06,35940000.00000001
2025-03-06,35940000.00000001
2025-03-06,35940000.00000001
2025-03-06,35940000.00000001
2025-03-06,35940000.00000001
2025-03-06,35940000.00000001
2025-03-06,35940000.00000001
2025-03-06,35940000.00000001
2025-03-06,35940000.00000001
2025-03-07,35940000.00000001
2025-03-07,35940000.00000001
2025-03-07,35940000.00000001
2025-03-07,35940000.00000001
2025-03-07,35940000.00000001
2025-03-07,35940000.00000001
2025-03-07,35940000.00000001
2025-03-07,35940000.00000001
2025-03-07,35940000.00000001
2025-03-07,35940000.00000001
2025-03-07,35940000.00000001
2025-03-07,35940000.00000001
2025-03-07,35940000.00000001
2025-03-07,35940000.00000001
2025-03-07,35940000.00000001
2025-03-07,35940000.00000001
2025-03-07,35940000.00000001
2025-03-07,35940000.00000001
2025-03-07,35940000.00000001
2025-03-07,35940000.00000001
2025-03-07,35940000.00000001
2025-03-07,35940000.00000001
2025-03-07,35940000.00000001
2025-03-07,35940000.00000001
2025-03-07,35940000.00000001
2025-03-07,35940000.00000001
2025-03-07,35940000.00000001
2025-03-07,35940000.00000001
2025-03-07,35940000.00000001
2025-03-07,35940000.00000001
2025-03-07,35940000.00000001
2025-03-07,35940000.00000001
2025-03-07,35940000.00000001
2025-03-07,35940000.00000001
2025-03-07,35940000.00000001
2025-03-07,35940000.00000001
2025-03-07,35940000.00000001
2025-03-07,35940000.00000001
2025-03-07,35940000.00000001
2025-03-07,35940000.00000001
2025-03-07,35940000.00000001
2025-03-07,35940000.00000001
2025-03-07,35940000.00000001
2025-03-07,35940000.00000001
2025-03-07,35940000.00000001
2025-03-07,35940000.00000001
2025-03-07,35940000.00000001
2025-03-07,35940000.00000001
2025-03-10,35940000.00000001
2025-03-10,35940000.00000001
2025-03-10,35940000.00000001
2025-03-10,35940000.00000001
2025-03-10,35940000.00000001
2025-03-10,35940000.00000001
2025-03-10,35940000.00000001
2025-03-10,35940000.00000001
2025-03-10,35940000.00000001
2025-03-10,35940000.00000001
2025-03-10,35940000.00000001
2025-03-10,35940000.00000001
2025-03-10,35940000.00000001
2025-03-10,35940000.00000001
2025-03-10,35940000.00000001
2025-03-10,35940000.00000001
2025-03-10,35940000.00000001
2025-03-10,35940000.00000001
2025-03-10,35940000.00000001
2025-03-10,35940000.00000001
2025-03-10,35940000.00000001
2025-03-10,35940000.00000001
2025-03-10,35940000.00000001
2025-03-10,35940000.00000001
2025-03-10,35940000.00000001
2025-03-10,35940000.00000001
2025-03-10,35940000.00000001
2025-03-10,35940000.00000001
2025-03-10,35940000.00000001
2025-03-10,35940000.00000001
2025-03-10,35940000.00000001
2025-03-10,35940000.00000001
2025-03-10,35940000.00000001
2025-03-10,35940000.00000001
2025-03-10,35940000.00000001
2025-03-10,35940000.00000001
2025-03-10,35940000.00000001
2025-03-10,35940000.00000001
2025-03-10,35940000.00000001
2025-03-10,37123000.00000001
2025-03-10,37123000.00000001
2025-03-10,37123000.00000001
2025-03-10,37123000.00000001
2025-03-10,37123000.00000001
2025-03-10,37123000.00000001
2025-03-10,37123000.00000001
2025-03-10,37123000.00000001
2025-03-10,37123000.00000001
2025-03-10,37123000.00000001
2025-03-11,37123000.00000001
2025-03-11,37123000.00000001
2025-03-11,37123000.00000001
2025-03-11,37123000.00000001
2025-03-11,37123000.00000001
2025-03-11,37123000.00000001
2025-03-11,37123000.00000001
2025-03-11,37123000.00000001
2025-03-11,37123000.00000001
2025-03-11,37123000.00000001
2025-03-11,37123000.00000001
2025-03-11,37123000.00000001
2025-03-11,37123000.00000001
2025-03-11,37123000.00000001
2025-03-11,37123000.00000001
2025-03-11,37123000.00000001
2025-03-11,37123000.00000001
2025-03-11,37123000.00000001
2025-03-11,37123000.00000001
2025-03-11,37123000.00000001
2025-03-11,36846000.00000001
2025-03-11,36846000.00000001
2025-03-11,36846000.00000001
2025-03-11,36846000.00000001
2025-03-11,36846000.00000001
2025-03-11,36846000.00000001
2025-03-11,36846000.00000001
2025-03-11,36846000.00000001
2025-03-11,36846000.00000001
2025-03-11,36846000.00000001
2025-03-11,36846000.00000001
2025-03-11,36846000.00000001
2025-03-11,36846000.00000001
2025-03-11,36846000.00000001
2025-03-11,36846000.00000001
2025-03-11,36846000.00000001
2025-03-11,36846000.00000001
2025-03-11,36846000.00000001
2025-03-11,36846000.00000001
2025-03-11,36846000.00000001
2025-03-11,36846000.00000001
2025-03-11,36846000.00000001
2025-03-11,36846000.00000001
2025-03-11,36846000.00000001
2025-03-11,36846000.00000001
2025-03-11,36846000.00000001
2025-03-11,36846000.00000001
2025-03-11,36846000.00000001
2025-03-12,36846000.00000001
2025-03-12,36846000.00000001
2025-03-12,36846000.00000001
2025-03-12,36846000.00000001
2025-03-12,36846000.00000001
2025-03-12,36846000.00000001
2025-03-12,37419000.00000001
2025-03-12,37419000.00000001
2025-03-12,37419000.00000001
2025-03-12,37419000.00000001
2025-03-12,37419000.00000001
2025-03-12,37419000.00000001
2025-03-12,37032000.00000001
2025-03-12,37032000.00000001
2025-03-12,37032000.00000001
2025-03-12,37032000.00000001
2025-03-12,37032000.00000001
2025-03-12,37032000.00000001
2025-03-12,37032000.00000001
2025-03-12,37032000.00000001
2025-03-12,37032000.00000001
2025-03-12,37032000.00000001
2025-03-12,37032000.00000001
2025-03-12,37032000.00000001
2025-03-12,37032000.00000001
2025-03-12,37032000.00000001
2025-03-12,37032000.00000001
2025-03-12,37032000.00000001
2025-03-12,37032000.00000001
2025-03-12,37032000.00000001
2025-03-12,37032000.00000001
2025-03-12,37032000.00000001
2025-03-12,37032000.00000001
2025-03-12,37032000.00000001
2025-03-12,37032000.00000001
2025-03-12,37032000.00000001
2025-03-12,37032000.00000001
2025-03-12,37032000.00000001
2025-03-12,37032000.00000001
2025-03-12,37032000.00000001
2025-03-12,37032000.00000001
2025-03-12,37032000.00000001
2025-03-12,37032000.00000001
2025-03-12,37032000.00000001
2025-03-12,37032000.00000001
2025-03-12,37032000.00000001
2025-03-12,37032000.00000001
2025-03-12,37032000.00000001
2025-03-12,37032000.00000001
2025-03-13,37032000.00000001
2025-03-13,37032000.00000001
2025-03-13,37032000.00000001
2025-03-13,37032000.00000001
2025-03-13,37032000.00000001
2025-03-13,37032000.00000001
2025-03-13,37032000.00000001
2025-03-13,37032000.00000001
2025-03-13,37032000.00000001
2025-03-13,37032000.00000001
2025-03-13,37032000.00000001
2025-03-13,37032000.00000001
2025-03-13,37032000.00000001
2025-03-13,37032000.00000001
2025-03-13,37032000.00000001
2025-03-13,37032000.00000001
2025-03-13,37032000.00000001
2025-03-13,37032000.00000001
2025-03-13,37032000.00000001
2025-03-13,37032000.00000001
2025-03-13,37032000.00000001
2025-03-13,37032000.00000001
2025-03-13,36655000.00000001
2025-03-13,36655000.00000001
2025-03-13,36655000.00000001
2025-03-13,36655000.00000001
2025-03-13,36655000.00000001
2025-03-13,36655000.00000001
2025-03-13,36655000.00000001
2025-03-13,36655000.00000001
2025-03-13,36655000.00000001
2025-03-13,36655000.00000001
2025-03-13,36655000.00000001
2025-03-13,36655000.00000001
2025-03-13,36655000.00000001
2025-03-13,36655000.00000001
2025-03-13,36655000.00000001
2025-03-13,36655000.00000001
2025-03-13,36655000.00000001
2025-03-13,36655000.00000001
2025-03-13,36655000.00000001
2025-03-13,36655000.00000001
2025-03-13,36655000.00000001
2025-03-13,36655000.00000001
2025-03-13,36655000.00000001
2025-03-13,36655000.00000001
2025-03-13,36655000.00000001
2025-03-13,36655000.00000001
2025-03-13,36655000.00000001
2025-03-14,36655000.00000001
2025-03-14,36655000.00000001
2025-03-14,36655000.00000001
2025-03-14,36655000.00000001
2025-03-14,36655000.00000001
2025-03-14,36655000.00000001
2025-03-14,36655000.00000001
2025-03-14,36655000.00000001
2025-03-14,36655000.00000001
2025-03-14,36655000.00000001
2025-03-14,36655000.00000001
2025-03-14,36655000.00000001
2025-03-14,36655000.00000001
2025-03-14,36655000.00000001
2025-03-14,36655000.00000001
2025-03-14,36655000.00000001
2025-03-14,36655000.00000001
2025-03-14,36655000.00000001
2025-03-14,36655000.00000001
2025-03-14,36655000.00000001
2025-03-14,36655000.00000001
2025-03-14,36655000.00000001
2025-03-14,36655000.00000001
2025-03-14,36655000.00000001
2025-03-14,36655000.00000001
2025-03-14,36655000.00000001
2025-03-14,36655000.00000001
2025-03-14,36655000.00000001
2025-03-14,36655000.00000001
2025-03-14,36448000.00000001
2025-03-14,36448000.00000001
2025-03-14,36448000.00000001
2025-03-14,36448000.00000001
2025-03-14,36448000.00000001
2025-03-14,36448000.00000001
2025-03-14,36448000.00000001
2025-03-14,36448000.00000001
2025-03-14,36448000.00000001
2025-03-14,36448000.00000001
2025-03-14,36448000.00000001
2025-03-14,36448000.00000001
2025-03-14,36448000.00000001
2025-03-14,36448000.00000001
2025-03-14,36448000.00000001
2025-03-14,36448000.00000001
2025-03-14,36448000.00000001
2025-03-14,36448000.00000001
2025-03-14,36448000.00000001
2025-03-14,36448000.00000001
2025-03-17,36448000.00000001
2025-03-17,36448000.00000001
2025-03-17,36448000.00000001
2025-03-17,36448000.00000001
2025-03-17,36448000.00000001
2025-03-17,36448000.00000001
2025-03-17,36448000.00000001
2025-03-17,36448000.00000001
2025-03-17,36448000.00000001
2025-03-17,36448000.00000001
2025-03-17,36448000.00000001
2025-03-17,36448000.00000001
2025-03-17,36448000.00000001
2025-03-17,36448000.00000001
2025-03-17,36448000.00000001
2025-03-17,36448000.00000001
2025-03-17,36448000.00000001
2025-03-17,36448000.00000001
2025-03-17,36448000.00000001
2025-03-17,36448000.00000001
2025-03-17,36448000.00000001
2025-03-17,36448000.00000001
2025-03-17,36448000.00000001
2025-03-17,36448000.00000001
2025-03-17,36448000.00000001
2025-03-17,36448000.00000001
2025-03-17,36448000.00000001
2025-03-17,36448000.00000001
2025-03-17,36448000.00000001
2025-03-17,36448000.00000001
2025-03-17,36448000.00000001
2025-03-17,36448000.00000001
2025-03-17,36448000.00000001
2025-03-17,36448000.00000001
2025-03-17,36448000.00000001
2025-03-17,36448000.00000001
2025-03-17,36448000.00000001
2025-03-17,36448000.00000001
2025-03-17,36448000.00000001
2025-03-17,36448000.00000001
2025-03-17,36448000.00000001
2025-03-17,36448000.00000001
2025-03-17,36448000.00000001
2025-03-17,36448000.00000001
2025-03-17,36448000.00000001
2025-03-17,36448000.00000001
2025-03-17,36448000.00000001
2025-03-17,36448000.00000001
2025-03-17,36448000.00000001
2025-03-18,36448000.00000001
2025-03-18,36448000.00000001
2025-03-18,36448000.00000001
2025-03-18,36448000.00000001
2025-03-18,36448000.00000001
2025-03-18,36448000.00000001
2025-03-18,36448000.00000001
2025-03-18,36448000.00000001
2025-03-18,36191000.00000001
2025-03-18,36191000.00000001
2025-03-18,36191000.00000001
2025-03-18,36191000.00000001
2025-03-18,36191000.00000001
2025-03-18,36191000.00000001
2025-03-18,36191000.00000001
2025-03-18,36191000.00000001
2025-03-18,36191000.00000001
2025-03-18,36191000.00000001
2025-03-18,36191000.00000001
2025-03-18,36191000.00000001
2025-03-18,36191000.00000001
2025-03-18,36191000.00000001
2025-03-18,36191000.00000001
2025-03-18,36191000.00000001
2025-03-18,36191000.00000001
2025-03-18,36191000.00000001
2025-03-18,36191000.00000001
2025-03-18,36191000.00000001
2025-03-18,36191000.00000001
2025-03-18,36191000.00000001
2025-03-18,36191000.00000001
2025-03-18,36191000.00000001
2025-03-18,36191000.00000001
2025-03-18,36191000.00000001
2025-03-18,36191000.00000001
2025-03-18,36191000.00000001
2025-03-18,36191000.00000001
2025-03-18,36191000.00000001
2025-03-18,36191000.00000001
2025-03-18,36191000.00000001
2025-03-18,36191000.00000001
2025-03-18,36191000.00000001
2025-03-18,36191000.00000001
2025-03-18,36191000.00000001
2025-03-18,36191000.00000001
2025-03-18,36191000.00000001
2025-03-18,36191000.00000001
2025-03-18,36191000.00000001
2025-03-18,36191000.00000001
2025-03-19,36191000.00000001
2025-03-19,36191000.00000001
2025-03-19,36191000.00000001
2025-03-19,36191000.00000001
2025-03-19,36191000.00000001
2025-03-19,36191000.00000001
2025-03-19,36191000.00000001
2025-03-19,36191000.00000001
2025-03-19,36191000.00000001
2025-03-19,36191000.00000001
2025-03-19,36191000.00000001
2025-03-19,36191000.00000001
2025-03-19,36191000.00000001
2025-03-19,36191000.00000001
2025-03-19,36191000.00000001
2025-03-19,36191000.00000001
2025-03-19,36191000.00000001
2025-03-19,36191000.00000001
2025-03-19,36191000.00000001
2025-03-19,36191000.00000001
2025-03-19,36191000.00000001
2025-03-19,36191000.00000001
2025-03-19,36191000.00000001
2025-03-19,36191000.00000001
2025-03-19,36191000.00000001
2025-03-19,36191000.00000001
2025-03-19,36191000.00000001
2025-03-19,36191000.00000001
2025-03-19,36191000.00000001
2025-03-19,36191000.00000001
2025-03-19,36191000.00000001
2025-03-19,36584000.00000001
2025-03-19,36584000.00000001
2025-03-19,36584000.00000001
2025-03-19,36584000.00000001
2025-03-19,36584000.00000001
2025-03-19,36584000.00000001
2025-03-19,36584000.00000001
2025-03-19,36584000.00000001
2025-03-19,36584000.00000001
2025-03-19,36584000.00000001
2025-03-19,36584000.00000001
2025-03-19,36584000.00000001
2025-03-19,36584000.00000001
2025-03-19,36584000.00000001
2025-03-19,36584000.00000001
2025-03-19,36584000.00000001
2025-03-19,36584000.00000001
2025-03-19,36584000.00000001
2025-03-20,36584000.00000001
2025-03-20,36584000.00000001
2025-03-20,36584000.00000001
2025-03-20,36584000.00000001
2025-03-20,36584000.00000001
2025-03-20,36584000.00000001
2025-03-20,36584000.00000001
2025-03-20,36584000.00000001
2025-03-20,36584000.00000001
2025-03-20,36584000.00000001
2025-03-20,36584000.00000001
2025-03-20,36584000.00000001
2025-03-20,36584000.00000001
2025-03-20,36317000.00000001
2025-03-20,36317000.00000001
2025-03-20,36317000.00000001
2025-03-20,36317000.00000001
2025-03-20,36317000.00000001
2025-03-20,36317000.00000001
2025-03-20,36317000.00000001
2025-03-20,36317000.00000001
2025-03-20,36317000.00000001
2025-03-20,36317000.00000001
2025-03-20,36317000.00000001
2025-03-20,36317000.00000001
2025-03-20,36317000.00000001
2025-03-20,36317000.00000001
2025-03-20,36317000.00000001
2025-03-20,36317000.00000001
2025-03-20,36317000.00000001
2025-03-20,36317000.00000001
2025-03-20,36540000.00000001
2025-03-20,36540000.00000001
2025-03-20,36540000.00000001
2025-03-20,36540000.00000001
2025-03-20,36540000.00000001
2025-03-20,36540000.00000001
2025-03-20,36540000.00000001
2025-03-20,36540000.00000001
2025-03-20,36540000.00000001
2025-03-20,36540000.00000001
2025-03-20,36540000.00000001
2025-03-20,36540000.00000001
2025-03-20,36540000.00000001
2025-03-20,36540000.00000001
2025-03-20,36540000.00000001
2025-03-20,36540000.00000001
2025-03-20,36540000.00000001
2025-03-20,36540000.00000001
2025-03-21,36540000.00000001
2025-03-21,36540000.00000001
2025-03-21,36540000.00000001
2025-03-21,36540000.00000001
2025-03-21,36540000.00000001
2025-03-21,36540000.00000001
2025-03-21,36540000.00000001
2025-03-21,36540000.00000001
2025-03-21,36540000.00000001
2025-03-21,36540000.00000001
2025-03-21,36540000.00000001
2025-03-21,36540000.00000001
2025-03-21,36143000.00000001
2025-03-21,36143000.00000001
2025-03-21,36143000.00000001
2025-03-21,36143000.00000001
2025-03-21,36143000.00000001
2025-03-21,36143000.00000001
2025-03-21,36143000.00000001
2025-03-21,36143000.00000001
2025-03-21,36143000.00000001
2025-03-21,36143000.00000001
2025-03-21,36143000.00000001
2025-03-21,36143000.00000001
2025-03-21,36143000.00000001
2025-03-21,36143000.00000001
2025-03-21,36143000.00000001
2025-03-21,36143000.00000001
2025-03-21,36143000.00000001
2025-03-21,36143000.00000001
2025-03-21,36143000.00000001
2025-03-21,36143000.00000001
2025-03-21,36143000.00000001
2025-03-21,36143000.00000001
2025-03-21,36143000.00000001
2025-03-21,36143000.00000001
2025-03-21,36143000.00000001
2025-03-21,36143000.00000001
2025-03-21,36143000.00000001
2025-03-21,36143000.00000001
2025-03-21,36143000.00000001
2025-03-21,36143000.00000001
2025-03-21,36143000.00000001
2025-03-21,36143000.00000001
2025-03-21,36143000.00000001
2025-03-21,36143000.00000001
2025-03-21,36143000.00000001
2025-03-21,36143000.00000001
2025-03-21,36143000.00000001
2025-03-24,36143000.00000001
2025-03-24,36143000.00000001
2025-03-24,36143000.00000001
2025-03-24,36143000.00000001
2025-03-24,36143000.00000001
2025-03-24,35886000.00000001
2025-03-24,35886000.00000001
2025-03-24,35886000.00000001
2025-03-24,35886000.00000001
2025-03-24,35886000.00000001
2025-03-24,35886000.00000001
2025-03-24,35886000.00000001
2025-03-24,35886000.00000001
2025-03-24,35886000.00000001
2025-03-24,35886000.00000001
2025-03-24,35886000.00000001
2025-03-24,35886000.00000001
2025-03-24,35886000.00000001
2025-03-24,35886000.00000001
2025-03-24,35886000.00000001
2025-03-24,35886000.00000001
2025-03-24,35886000.00000001
2025-03-24,35886000.00000001
2025-03-24,35886000.00000001
2025-03-24,35886000.00000001
2025-03-24,35886000.00000001
2025-03-24,35886000.00000001
2025-03-24,35886000.00000001
2025-03-24,35886000.00000001
2025-03-24,35886000.00000001
2025-03-24,35886000.00000001
2025-03-24,35886000.00000001
2025-03-24,35886000.00000001
2025-03-24,35886000.00000001
2025-03-24,35886000.00000001
2025-03-24,35886000.00000001
2025-03-24,35886000.00000001
2025-03-24,35886000.00000001
2025-03-24,35886000.00000001
2025-03-24,35886000.00000001
2025-03-24,35886000.00000001
2025-03-24,35886000.00000001
2025-03-24,35886000.00000001
2025-03-24,35886000.00000001
2025-03-24,35886000.00000001
2025-03-24,35886000.00000001
2025-03-24,35886000.00000001
2025-03-24,35886000.00000001
2025-03-24,35886000.00000001
2025-03-25,35886000.00000001
2025-03-25,35886000.00000001
2025-03-25,35886000.00000001
2025-03-25,35886000.00000001
2025-03-25,35886000.00000001
2025-03-25,35886000.00000001
2025-03-25,35886000.00000001
2025-03-25,35886000.00000001
2025-03-25,35886000.00000001
2025-03-25,35886000.00000001
2025-03-25,35886000.00000001
2025-03-25,35886000.00000001
2025-03-25,35886000.00000001
2025-03-25,35886000.00000001
2025-03-25,35886000.00000001
2025-03-25,35886000.00000001
2025-03-25,35886000.00000001
2025-03-25,35886000.00000001
2025-03-25,35886000.00000001
2025-03-25,35886000.00000001
2025-03-25,35886000.00000001
2025-03-25,35886000.00000001
2025-03-25,36829000.00000001
2025-03-25,36829000.00000001
2025-03-25,36829000.00000001
2025-03-25,36829000.00000001
2025-03-25,36829000.00000001
2025-03-25,36829000.00000001
2025-03-25,36829000.00000001
2025-03-25,36829000.00000001
2025-03-25,36829000.00000001
2025-03-25,36829000.00000001
2025-03-25,36829000.00000001
2025-03-25,36829000.00000001
2025-03-25,36829000.00000001
2025-03-25,36829000.00000001
2025-03-25,36829000.00000001
2025-03-25,36829000.00000001
2025-03-25,36829000.00000001
2025-03-25,36829000.00000001
2025-03-25,36829000.00000001
2025-03-25,36829000.00000001
2025-03-25,36829000.00000001
2025-03-25,36829000.00000001
2025-03-25,36829000.00000001
2025-03-25,36829000.00000001
2025-03-25,36829000.00000001
2025-03-25,36829000.00000001
2025-03-25,36829000.00000001
2025-03-26,36829000.00000001
2025-03-26,36829000.00000001
2025-03-26,36829000.00000001
2025-03-26,36829000.00000001
2025-03-26,36829000.00000001
2025-03-26,36829000.00000001
2025-03-26,36829000.00000001
2025-03-26,36829000.00000001
2025-03-26,36829000.00000001
2025-03-26,36829000.00000001
2025-03-26,36829000.00000001
2025-03-26,36829000.00000001
2025-03-26,36829000.00000001
2025-03-26,36829000.00000001
2025-03-26,36829000.00000001
2025-03-26,36829000.00000001
2025-03-26,36829000.00000001
2025-03-26,36829000.00000001
2025-03-26,36829000.00000001
2025-03-26,36829000.00000001
2025-03-26,36829000.00000001
2025-03-26,36829000.00000001
2025-03-26,36829000.00000001
2025-03-26,36829000.00000001
2025-03-26,36829000.00000001
2025-03-26,36829000.00000001
2025-03-26,36829000.00000001
2025-03-26,36829000.00000001
2025-03-26,36829000.00000001
2025-03-26,36829000.00000001
2025-03-26,36829000.00000001
2025-03-26,36829000.00000001
2025-03-26,36829000.00000001
2025-03-26,36829000.00000001
2025-03-26,36829000.00000001
2025-03-26,36829000.00000001
2025-03-26,36512000.00000001
2025-03-26,36512000.00000001
2025-03-26,36512000.00000001
2025-03-26,36512000.00000001
2025-03-26,36512000.00000001
2025-03-26,36512000.00000001
2025-03-26,36512000.00000001
2025-03-26,36512000.00000001
2025-03-26,36512000.00000001
2025-03-26,36512000.00000001
2025-03-26,36205000.00000001
2025-03-26,36205000.00000001
2025-03-26,36205000.00000001
2025-03-27,36205000.00000001
2025-03-27,36205000.00000001
2025-03-27,36205000.00000001
2025-03-27,36205000.00000001
2025-03-27,36205000.00000001
2025-03-27,36205000.00000001
2025-03-27,36205000.00000001
2025-03-27,36205000.00000001
2025-03-27,36205000.00000001
2025-03-27,36205000.00000001
2025-03-27,36205000.00000001
2025-03-27,36205000.00000001
2025-03-27,36205000.00000001
2025-03-27,36205000.00000001
2025-03-27,36205000.00000001
2025-03-27,36205000.00000001
2025-03-27,36205000.00000001
2025-03-27,36205000.00000001
2025-03-27,36205000.00000001
2025-03-27,35948000.00000001
2025-03-27,35948000.00000001
2025-03-27,35948000.00000001
2025-03-27,35948000.00000001
2025-03-27,35948000.00000001
2025-03-27,35948000.00000001
2025-03-27,35948000.00000001
2025-03-27,35948000.00000001
2025-03-27,35948000.00000001
2025-03-27,35948000.00000001
2025-03-27,35948000.00000001
2025-03-27,35948000.00000001
2025-03-27,35948000.00000001
2025-03-27,35948000.00000001
2025-03-27,35948000.00000001
2025-03-27,35948000.00000001
2025-03-27,35948000.00000001
2025-03-27,35948000.00000001
2025-03-27,35948000.00000001
2025-03-27,35948000.00000001
2025-03-27,35948000.00000001
2025-03-27,35948000.00000001
2025-03-27,35948000.00000001
2025-03-27,35948000.00000001
2025-03-27,35948000.00000001
2025-03-27,35948000.00000001
2025-03-27,35948000.00000001
2025-03-27,35948000.00000001
2025-03-27,35948000.00000001
2025-03-27,35948000.00000001
2025-03-28,35948000.00000001
2025-03-28,35948000.00000001
2025-03-28,35948000.00000001
2025-03-28,35948000.00000001
2025-03-28,35948000.00000001
2025-03-28,35948000.00000001
2025-03-28,35948000.00000001
2025-03-28,35948000.00000001
2025-03-28,35948000.00000001
2025-03-28,35948000.00000001
2025-03-28,35948000.00000001
2025-03-28,35948000.00000001
2025-03-28,35948000.00000001
2025-03-28,35948000.00000001
2025-03-28,35948000.00000001
2025-03-28,35948000.00000001
2025-03-28,35948000.00000001
2025-03-28,35948000.00000001
2025-03-28,35948000.00000001
2025-03-28,35948000.00000001
2025-03-28,35948000.00000001
2025-03-28,35948000.00000001
2025-03-28,35948000.00000001
2025-03-28,35971000.00000001
2025-03-28,35971000.00000001
2025-03-28,35971000.00000001
2025-03-28,35971000.00000001
2025-03-28,35971000.00000001
2025-03-28,35971000.00000001
2025-03-28,35971000.00000001
2025-03-28,35971000.00000001
2025-03-28,35971000.00000001
2025-03-28,35971000.00000001
2025-03-28,35971000.00000001
2025-03-28,35971000.00000001
2025-03-28,35971000.00000001
2025-03-28,35971000.00000001
2025-03-28,35971000.00000001
2025-03-28,35971000.00000001
2025-03-28,35971000.00000001
2025-03-28,35971000.00000001
2025-03-28,35971000.00000001
2025-03-28,35971000.00000001
2025-03-28,35971000.00000001
2025-03-28,35971000.00000001
2025-03-28,35971000.00000001
2025-03-28,35971000.00000001
2025-03-28,35971000.00000001
2025-03-28,35971000.00000001
2025-03-31,35971000.00000001
2025-03-31,35971000.00000001
2025-03-31,35971000.00000001
2025-03-31,35971000.00000001
2025-03-31,35971000.00000001
2025-03-31,35971000.00000001
2025-03-31,35971000.00000001
2025-03-31,35971000.00000001
2025-03-31,35971000.00000001
2025-03-31,35971000.00000001
2025-03-31,35971000.00000001
2025-03-31,35971000.00000001
2025-03-31,35971000.00000001
2025-03-31,35971000.00000001
2025-03-31,35971000.00000001
2025-03-31,35971000.00000001
2025-03-31,35971000.00000001
2025-03-31,35971000.00000001
2025-03-31,35971000.00000001
2025-03-31,35971000.00000001
2025-03-31,35971000.00000001
2025-03-31,35971000.00000001
2025-03-31,35971000.00000001
2025-03-31,35971000.00000001
2025-03-31,35971000.00000001
2025-03-31,35971000.00000001
2025-03-31,35971000.00000001
2025-03-31,35971000.00000001
2025-03-31,35971000.00000001
2025-03-31,35971000.00000001
2025-03-31,35971000.00000001
2025-03-31,35971000.00000001
2025-03-31,35971000.00000001
2025-03-31,35971000.00000001
2025-03-31,35971000.00000001
2025-03-31,35971000.00000001
2025-03-31,35824000.00000001
2025-03-31,35824000.00000001
2025-03-31,35824000.00000001
2025-03-31,35824000.00000001
2025-03-31,35824000.00000001
2025-03-31,35824000.00000001
2025-03-31,35824000.00000001
2025-03-31,35824000.00000001
2025-03-31,35824000.00000001
2025-03-31,35824000.00000001
2025-03-31,35824000.00000001
2025-03-31,35824000.00000001
2025-03-31,35824000.00000001
2025-04-01,35824000.00000001
2025-04-01,35824000.00000001
2025-04-01,35824000.00000001
2025-04-01,35824000.00000001
2025-04-01,35824000.00000001
2025-04-01,35824000.00000001
2025-04-01,35824000.00000001
2025-04-01,35824000.00000001
2025-04-01,35824000.00000001
2025-04-01,35824000.00000001
2025-04-01,35824000.00000001
2025-04-01,35824000.00000001
2025-04-01,35824000.00000001
2025-04-01,35824000.00000001
2025-04-01,35824000.00000001
2025-04-01,35824000.00000001
2025-04-01,35824000.00000001
2025-04-01,35824000.00000001
2025-04-01,35824000.00000001
2025-04-01,35824000.00000001
2025-04-01,35824000.00000001
2025-04-01,35824000.00000001
2025-04-01,35824000.00000001
2025-04-01,35824000.00000001
2025-04-01,35824000.00000001
2025-04-01,35824000.00000001
2025-04-01,35824000.00000001
2025-04-01,35824000.00000001
2025-04-01,35824000.00000001
2025-04-01,35824000.00000001
2025-04-01,35824000.00000001
2025-04-01,35824000.00000001
2025-04-01,35824000.00000001
2025-04-01,35824000.00000001
2025-04-01,35824000.00000001
2025-04-01,35617000.00000001
2025-04-01,35617000.00000001
2025-04-01,35617000.00000001
2025-04-01,35617000.00000001
2025-04-01,35617000.00000001
2025-04-01,35617000.00000001
2025-04-01,35617000.00000001
2025-04-01,35617000.00000001
2025-04-01,35617000.00000001
2025-04-01,35617000.00000001
2025-04-01,35617000.00000001
2025-04-01,35360000.00000001
2025-04-01,35360000.00000001
2025-04-02,35360000.00000001
2025-04-02,35360000.00000001
2025-04-02,35360000.00000001
2025-04-02,35360000.00000001
2025-04-02,35360000.00000001
2025-04-02,35360000.00000001
2025-04-02,35360000.00000001
2025-04-02,35360000.00000001
2025-04-02,35360000.00000001
2025-04-02,35360000.00000001
2025-04-02,35360000.00000001
2025-04-02,35360000.00000001
2025-04-02,35360000.00000001
2025-04-02,35360000.00000001
2025-04-02,35360000.00000001
2025-04-02,35360000.00000001
2025-04-02,35360000.00000001
2025-04-02,35360000.00000001
2025-04-02,35360000.00000001
2025-04-02,35360000.00000001
2025-04-02,35360000.00000001
2025-04-02,35360000.00000001
2025-04-02,35360000.00000001
2025-04-02,35360000.00000001
2025-04-02,35360000.00000001
2025-04-02,35360000.00000001
2025-04-02,35360000.00000001
2025-04-02,35360000.00000001
2025-04-02,35360000.00000001
2025-04-02,35360000.00000001
2025-04-02,35360000.00000001
2025-04-02,35360000.00000001
2025-04-02,35360000.00000001
2025-04-02,35360000.00000001
2025-04-02,35360000.00000001
2025-04-02,35360000.00000001
2025-04-02,35360000.00000001
2025-04-02,35360000.00000001
2025-04-02,35360000.00000001
2025-04-02,35360000.00000001
2025-04-02,35360000.00000001
2025-04-02,35360000.00000001
2025-04-02,35360000.00000001
2025-04-02,35360000.00000001
2025-04-02,35360000.00000001
2025-04-02,35360000.00000001
2025-04-02,35360000.00000001
2025-04-02,35583000.00000001
2025-04-03,35583000.00000001
2025-04-03,35583000.00000001
2025-04-03,35583000.00000001
2025-04-03,35583000.00000001
2025-04-03,35583000.00000001
2025-04-03,35583000.00000001
2025-04-03,35583000.00000001
2025-04-03,35583000.00000001
2025-04-03,35583000.00000001
2025-04-03,35583000.00000001
2025-04-03,35583000.00000001
2025-04-03,35583000.00000001
2025-04-03,35583000.00000001
2025-04-03,35583000.00000001
2025-04-03,35583000.00000001
2025-04-03,35583000.00000001
2025-04-03,35583000.00000001
2025-04-03,35583000.00000001
2025-04-03,35583000.00000001
2025-04-03,35583000.00000001
2025-04-03,35583000.00000001
2025-04-03,35583000.00000001
2025-04-03,35583000.00000001
2025-04-03,35583000.00000001
2025-04-03,35583000.00000001
2025-04-03,35583000.00000001
2025-04-03,35583000.00000001
2025-04-03,35583000.00000001
2025-04-03,35583000.00000001
2025-04-03,35583000.00000001
2025-04-03,35583000.00000001
2025-04-03,35583000.00000001
2025-04-03,35583000.00000001
2025-04-03,35583000.00000001
2025-04-03,35583000.00000001
2025-04-03,35583000.00000001
2025-04-03,35583000.00000001
2025-04-03,35583000.00000001
2025-04-03,35583000.00000001
2025-04-03,35583000.00000001
2025-04-03,35583000.00000001
2025-04-03,35583000.00000001
2025-04-03,35583000.00000001
2025-04-03,35583000.00000001
2025-04-03,35583000.00000001
2025-04-03,35583000.00000001
2025-04-04,35583000.00000001
2025-04-04,35583000.00000001
2025-04-04,35583000.00000001
2025-04-04,35583000.00000001
2025-04-04,35583000.00000001
2025-04-04,35583000.00000001
2025-04-04,35583000.00000001
2025-04-04,45346000.00000001
2025-04-04,45346000.00000001
2025-04-04,45346000.00000001
2025-04-04,45346000.00000001
2025-04-04,45346000.00000001
2025-04-04,45346000.00000001
2025-04-04,45346000.00000001
2025-04-04,45346000.00000001
2025-04-04,45346000.00000001
2025-04-04,45346000.00000001
2025-04-04,45346000.00000001
2025-04-04,45346000.00000001
2025-04-04,45346000.00000001
2025-04-04,45346000.00000001
2025-04-04,45346000.00000001
2025-04-04,45346000.00000001
2025-04-04,45346000.00000001
2025-04-04,45346000.00000001
2025-04-04,45346000.00000001
2025-04-04,45346000.00000001
2025-04-04,45346000.00000001
2025-04-04,45346000.00000001
2025-04-04,45346000.00000001
2025-04-04,45346000.00000001
2025-04-04,45346000.00000001
2025-04-04,45346000.00000001
2025-04-04,45346000.00000001
2025-04-04,45346000.00000001
2025-04-04,45346000.00000001
2025-04-04,45346000.00000001
2025-04-04,45346000.00000001
2025-04-04,45346000.00000001
2025-04-04,45346000.00000001
2025-04-04,45346000.00000001
2025-04-04,45346000.00000001
2025-04-04,45346000.00000001
2025-04-04,45346000.00000001
2025-04-04,45346000.00000001
2025-04-04,45346000.00000001
2025-04-04,45346000.00000001
2025-04-04,45346000.00000001
2025-04-04,45346000.00000001
2025-04-08,45346000.00000001
2025-04-08,45346000.00000001
2025-04-08,45346000.00000001
2025-04-08,45346000.00000001
2025-04-08,45346000.00000001
2025-04-08,45346000.00000001
2025-04-08,45346000.00000001
2025-04-08,44539000.00000001
2025-04-08,44539000.00000001
2025-04-08,44539000.00000001
2025-04-08,44539000.00000001
2025-04-08,44539000.00000001
2025-04-08,44539000.00000001
2025-04-08,44539000.00000001
2025-04-08,44539000.00000001
2025-04-08,44539000.00000001
2025-04-08,44539000.00000001
2025-04-08,44539000.00000001
2025-04-08,44539000.00000001
2025-04-08,44539000.00000001
2025-04-08,44539000.00000001
2025-04-08,44539000.00000001
2025-04-08,44539000.00000001
2025-04-08,44539000.00000001
2025-04-08,44539000.00000001
2025-04-08,44539000.00000001
2025-04-08,44539000.00000001
2025-04-08,44539000.00000001
2025-04-08,44539000.00000001
2025-04-08,44539000.00000001
2025-04-08,44539000.00000001
2025-04-08,44432000.00000001
2025-04-08,44432000.00000001
2025-04-08,44432000.00000001
2025-04-08,44432000.00000001
2025-04-08,44432000.00000001
2025-04-08,44432000.00000001
2025-04-08,44432000.00000001
2025-04-08,44432000.00000001
2025-04-08,44432000.00000001
2025-04-08,44432000.00000001
2025-04-08,44432000.00000001
2025-04-08,44432000.00000001
2025-04-08,44432000.00000001
2025-04-08,44432000.00000001
2025-04-08,44432000.00000001
2025-04-09,44432000.00000001
2025-04-09,44145000.00000001
2025-04-09,44145000.00000001
2025-04-09,42668000.00000001
2025-04-09,42668000.00000001
2025-04-09,42668000.00000001
2025-04-09,42668000.00000001
2025-04-09,42668000.00000001
2025-04-09,42668000.00000001
2025-04-09,42668000.00000001
2025-04-09,42668000.00000001
2025-04-09,42668000.00000001
2025-04-09,42668000.00000001
2025-04-09,42668000.00000001
2025-04-09,42668000.00000001
2025-04-09,42668000.00000001
2025-04-09,42668000.00000001
2025-04-09,42668000.00000001
2025-04-09,42668000.00000001
2025-04-09,42668000.00000001
2025-04-09,42668000.00000001
2025-04-09,42668000.00000001
2025-04-09,42668000.00000001
2025-04-09,42668000.00000001
2025-04-09,42668000.00000001
2025-04-09,42668000.00000001
2025-04-09,42668000.00000001
2025-04-09,42668000.00000001
2025-04-09,42668000.00000001
2025-04-09,42668000.00000001
2025-04-09,42668000.00000001
2025-04-09,42668000.00000001
2025-04-09,42668000.00000001
2025-04-09,42668000.00000001
2025-04-09,42668000.00000001
2025-04-09,42668000.00000001
2025-04-09,42668000.00000001
2025-04-09,42668000.00000001
2025-04-09,42668000.00000001
2025-04-09,42668000.00000001
2025-04-09,42668000.00000001
2025-04-09,42668000.00000001
2025-04-09,42668000.00000001
2025-04-09,42668000.00000001
2025-04-09,42668000.00000001
2025-04-09,42668000.00000001
2025-04-09,42668000.00000001
2025-04-09,42668000.00000001
2025-04-10,42668000.00000001
2025-04-10,42668000.00000001
2025-04-10,42668000.00000001
2025-04-10,42668000.00000001
2025-04-11,42668000.00000001
2025-04-11,42668000.00000001
2025-04-11,42668000.00000001
2025-04-11,42668000.00000001
2025-04-11,42668000.00000001
2025-04-11,42668000.00000001
2025-04-11,42668000.00000001
2025-04-11,42668000.00000001
2025-04-11,42668000.00000001
2025-04-11,42668000.00000001
2025-04-11,42668000.00000001
2025-04-11,42668000.00000001
2025-04-11,42668000.00000001
2025-04-11,42668000.00000001
2025-04-11,42668000.00000001
2025-04-11,42668000.00000001
2025-04-11,42668000.00000001
2025-04-11,42668000.00000001
2025-04-11,42668000.00000001
2025-04-11,42668000.00000001
2025-04-11,42668000.00000001
2025-04-11,42668000.00000001
2025-04-11,42668000.00000001
2025-04-11,42668000.00000001
2025-04-11,42668000.00000001
2025-04-11,42668000.00000001
2025-04-11,42668000.00000001
2025-04-11,42668000.00000001
2025-04-11,42668000.00000001
2025-04-11,42668000.00000001
2025-04-11,42668000.00000001
2025-04-11,42668000.00000001
2025-04-11,42668000.00000001
2025-04-11,42668000.00000001
2025-04-11,42668000.00000001
2025-04-11,42668000.00000001
2025-04-11,42668000.00000001
2025-04-11,42668000.00000001
2025-04-11,42668000.00000001
2025-04-11,42668000.00000001
2025-04-11,42668000.00000001
2025-04-11,42668000.00000001
2025-04-11,42668000.00000001
2025-04-11,42668000.00000001
2025-04-11,42668000.00000001
2025-04-11,42668000.00000001
2025-04-11,42668000.00000001
2025-04-11,42668000.00000001
2025-04-11,42668000.00000001
2025-04-14,42668000.00000001
2025-04-14,42668000.00000001
2025-04-14,42668000.00000001
2025-04-14,47591000.00000001
2025-04-14,47591000.00000001
2025-04-14,47591000.00000001
2025-04-14,47591000.00000001
2025-04-14,47591000.00000001
2025-04-14,47264000.00000001
2025-04-14,47264000.00000001
2025-04-14,47264000.00000001
2025-04-14,47264000.00000001
2025-04-14,47264000.00000001
2025-04-14,47264000.00000001
2025-04-14,47264000.00000001
2025-04-14,47264000.00000001
2025-04-14,47264000.00000001
2025-04-14,47264000.00000001
2025-04-14,47264000.00000001
2025-04-14,47264000.00000001
2025-04-14,47264000.00000001
2025-04-14,47264000.00000001
2025-04-14,47264000.00000001
2025-04-14,47264000.00000001
2025-04-14,47264000.00000001
2025-04-14,47264000.00000001
2025-04-14,47264000.00000001
2025-04-14,47264000.00000001
2025-04-14,47264000.00000001
2025-04-14,47264000.00000001
2025-04-14,47264000.00000001
2025-04-14,47264000.00000001
2025-04-14,47264000.00000001
2025-04-14,47264000.00000001
2025-04-14,47264000.00000001
2025-04-14,47264000.00000001
2025-04-14,47264000.00000001
2025-04-14,47264000.00000001
2025-04-14,47264000.00000001
2025-04-14,47017000.00000001
2025-04-14,47017000.00000001
2025-04-14,47017000.00000001
2025-04-14,47017000.00000001
2025-04-14,47017000.00000001
2025-04-14,47017000.00000001
2025-04-14,47017000.00000001
2025-04-14,47017000.00000001
2025-04-14,47017000.00000001
2025-04-15,45540000.00000001
2025-04-15,45540000.00000001
2025-04-15,45540000.00000001
2025-04-15,45540000.00000001
2025-04-15,45540000.00000001
2025-04-15,45293000.00000001
2025-04-15,45293000.00000001
2025-04-15,45293000.00000001
2025-04-15,45293000.00000001
2025-04-15,45293000.00000001
2025-04-15,45293000.00000001
2025-04-15,45293000.00000001
2025-04-15,45293000.00000001
2025-04-15,45293000.00000001
2025-04-15,45293000.00000001
2025-04-15,45293000.00000001
2025-04-15,45293000.00000001
2025-04-15,45293000.00000001
2025-04-15,45293000.00000001
2025-04-15,45293000.00000001
2025-04-15,45293000.00000001
2025-04-15,45293000.00000001
2025-04-15,45293000.00000001
2025-04-15,45293000.00000001
2025-04-15,45293000.00000001
2025-04-15,45293000.00000001
2025-04-15,45293000.00000001
2025-04-15,45293000.00000001
2025-04-15,45293000.00000001
2025-04-15,45293000.00000001
2025-04-15,45293000.00000001
2025-04-15,45293000.00000001
2025-04-15,44976000.00000001
2025-04-15,44976000.00000001
2025-04-15,44976000.00000001
2025-04-15,44976000.00000001
2025-04-15,44976000.00000001
2025-04-15,44976000.00000001
2025-04-15,44976000.00000001
2025-04-15,44976000.00000001
2025-04-15,44976000.00000001
2025-04-15,44976000.00000001
2025-04-15,44976000.00000001
2025-04-15,44976000.00000001
2025-04-15,44976000.00000001
2025-04-15,44976000.00000001
2025-04-15,44976000.00000001
2025-04-15,44976000.00000001
2025-04-15,44976000.00000001
2025-04-16,44976000.00000001
2025-04-16,44976000.00000001
2025-04-16,44976000.00000001
2025-04-16,44976000.00000001
2025-04-16,44976000.00000001
2025-04-16,44976000.00000001
2025-04-16,44976000.00000001
2025-04-16,44976000.00000001
2025-04-16,44976000.00000001
2025-04-16,44976000.00000001
2025-04-16,44976000.00000001
2025-04-16,44976000.00000001
2025-04-16,44976000.00000001
2025-04-16,44976000.00000001
2025-04-16,44976000.00000001
2025-04-16,44976000.00000001
2025-04-16,44976000.00000001
2025-04-16,44976000.00000001
2025-04-16,44976000.00000001
2025-04-16,44976000.00000001
2025-04-16,44976000.00000001
2025-04-16,44976000.00000001
2025-04-16,44976000.00000001
2025-04-16,44976000.00000001
2025-04-16,44976000.00000001
2025-04-16,44976000.00000001
2025-04-16,44976000.00000001
2025-04-16,44976000.00000001
2025-04-16,44976000.00000001
2025-04-16,44976000.00000001
2025-04-16,44976000.00000001
2025-04-16,44976000.00000001
2025-04-16,44976000.00000001
2025-04-16,44976000.00000001
2025-04-16,44976000.00000001
2025-04-16,45019000.00000001
2025-04-16,45019000.00000001
2025-04-16,45019000.00000001
2025-04-16,45019000.00000001
2025-04-16,45019000.00000001
2025-04-16,45019000.00000001
2025-04-16,45019000.00000001
2025-04-16,45019000.00000001
2025-04-16,45019000.00000001
2025-04-16,45019000.00000001
2025-04-16,45372000.00000001
2025-04-16,45372000.00000001
2025-04-16,45372000.00000001
2025-04-16,45372000.00000001
2025-04-17,45372000.00000001
2025-04-17,45372000.00000001
2025-04-17,45372000.00000001
2025-04-17,44895000.00000001
2025-04-17,44895000.00000001
2025-04-17,44895000.00000001
2025-04-17,44895000.00000001
2025-04-17,44895000.00000001
2025-04-17,44895000.00000001
2025-04-17,44895000.00000001
2025-04-17,44895000.00000001
2025-04-17,44895000.00000001
2025-04-17,44895000.00000001
2025-04-17,44895000.00000001
2025-04-17,44895000.00000001
2025-04-17,44895000.00000001
2025-04-17,44895000.00000001
2025-04-17,44895000.00000001
2025-04-17,44895000.00000001
2025-04-17,44895000.00000001
2025-04-17,44895000.00000001
2025-04-17,44895000.00000001
2025-04-17,44895000.00000001
2025-04-17,44895000.00000001
2025-04-17,44895000.00000001
2025-04-17,44895000.00000001
2025-04-17,44895000.00000001
2025-04-17,44895000.00000001
2025-04-17,44895000.00000001
2025-04-17,44895000.00000001
2025-04-17,44895000.00000001
2025-04-17,44895000.00000001
2025-04-17,44895000.00000001
2025-04-17,44895000.00000001
2025-04-17,44895000.00000001
2025-04-17,44895000.00000001
2025-04-17,44895000.00000001
2025-04-17,44895000.00000001
2025-04-17,44895000.00000001
2025-04-17,44895000.00000001
2025-04-17,44895000.00000001
2025-04-17,44895000.00000001
2025-04-17,44895000.00000001
2025-04-17,44895000.00000001
2025-04-17,44895000.00000001
2025-04-17,44895000.00000001
2025-04-17,44895000.00000001
2025-04-17,44895000.00000001
2025-04-18,44895000.00000001
2025-04-18,44895000.00000001
2025-04-18,44895000.00000001
2025-04-18,44895000.00000001
2025-04-18,44895000.00000001
2025-04-18,44895000.00000001
2025-04-18,44895000.00000001
2025-04-18,44895000.00000001
2025-04-18,44895000.00000001
2025-04-18,44895000.00000001
2025-04-18,44895000.00000001
2025-04-18,44895000.00000001
2025-04-18,44895000.00000001
2025-04-18,44895000.00000001
2025-04-18,44895000.00000001
2025-04-18,44895000.00000001
2025-04-18,44895000.00000001
2025-04-18,44895000.00000001
2025-04-18,44895000.00000001
2025-04-18,44895000.00000001
2025-04-18,44895000.00000001
2025-04-18,44895000.00000001
2025-04-18,44895000.00000001
2025-04-18,44895000.00000001
2025-04-18,44895000.00000001
2025-04-18,44895000.00000001
2025-04-18,44895000.00000001
2025-04-18,44895000.00000001
2025-04-18,44895000.00000001
2025-04-18,44895000.00000001
2025-04-18,44895000.00000001
2025-04-18,44895000.00000001
2025-04-18,44895000.00000001
2025-04-18,44895000.00000001
2025-04-18,44895000.00000001
2025-04-18,44895000.00000001
2025-04-18,44895000.00000001
2025-04-18,44895000.00000001
2025-04-18,44895000.00000001
2025-04-18,44895000.00000001
2025-04-18,44895000.00000001
2025-04-18,44895000.00000001
2025-04-18,44895000.00000001
2025-04-18,44895000.00000001
2025-04-18,44895000.00000001
2025-04-18,44895000.00000001
2025-04-18,45328000.00000001
2025-04-18,45328000.00000001
