Date,Time,Price,Action,Position Type,Trade Price,Total Money,Total Point
2023-01-03,10:55:00,1015.0,Open,LONG,1015.0,40000000.0,
2023-01-04,10:55:00,1047.4,Close,None,1047.4,43193000.0,3193000.0
2023-01-05,09:00:00,1046.0,Open,LONG,1046.0,43193000.0,
2023-01-05,11:15:00,1046.5,Close,None,1046.5,43196000.0,3196000.0
2023-01-05,13:10:00,1048.8,Open,LONG,1048.8,43196000.0,
2023-01-06,09:15:00,1050.9,Close,None,1050.9,43359000.0,3359000.0
2023-01-06,09:25:00,1053.0,Open,LONG,1053.0,43359000.0,
2023-01-06,13:30:00,1057.0,Close,None,1057.0,43712000.0,3712000.0
2023-01-06,13:45:00,1056.5,Open,SHORT,1056.5,43712000.0,
2023-01-09,09:00:00,1060.0,Close,None,1060.0,43315000.0,3315000.0
2023-01-09,09:20:00,1058.5,Open,LONG,1058.5,43315000.0,
2023-01-09,09:50:00,1056.0,Close,None,1056.0,43018000.0,3018000.0
2023-01-09,10:00:00,1058.2,Open,LONG,1058.2,43018000.0,
2023-01-09,13:00:00,1058.6,Close,None,1058.6,43011000.0,3011000.0
2023-01-09,13:40:00,1054.2,Open,SHORT,1054.2,43011000.0,
2023-01-10,09:10:00,1056.8,Close,None,1056.8,42704000.0,2704000.0
2023-01-10,09:55:00,1054.0,Open,SHORT,1054.0,42704000.0,
2023-01-10,13:15:00,1053.9,Close,None,1053.9,42667000.0,2667000.0
2023-01-10,13:45:00,1059.2,Open,LONG,1059.2,42667000.0,
2023-01-10,14:00:00,1054.7,Close,None,1054.7,42170000.0,2170000.0
2023-01-10,14:10:00,1059.0,Open,LONG,1059.0,42170000.0,
2023-01-10,14:20:00,1054.3,Close,None,1054.3,41653000.0,1653000.0
2023-01-11,09:00:00,1062.6,Open,LONG,1062.6,41653000.0,
2023-01-11,13:40:00,1065.8,Close,None,1065.8,41926000.0,1926000.0
2023-01-12,09:20:00,1067.7,Open,LONG,1067.7,41926000.0,
2023-01-12,10:05:00,1066.3,Close,None,1066.3,41739000.0,1739000.0
2023-01-12,10:20:00,1063.0,Open,SHORT,1063.0,41739000.0,
2023-01-12,13:50:00,1060.0,Close,None,1060.0,41992000.0,1992000.0
2023-01-13,09:05:00,1071.5,Open,LONG,1071.5,41992000.0,
2023-01-13,13:05:00,1068.1,Close,None,1068.1,41605000.0,1605000.0
2023-01-13,13:20:00,1068.6,Open,SHORT,1068.6,41605000.0,
2023-01-13,13:35:00,1070.6,Close,None,1070.6,41358000.0,1358000.0
2023-01-13,14:05:00,1066.6,Open,SHORT,1066.6,41358000.0,
2023-01-16,09:00:00,1072.7,Close,None,1072.7,40701000.0,701000.0000000001
2023-01-16,09:25:00,1072.3,Open,LONG,1072.3,40701000.0,
2023-01-16,09:50:00,1069.4,Close,None,1069.4,40364000.0,364000.0000000001
2023-01-16,10:20:00,1065.8,Open,SHORT,1065.8,40364000.0,
2023-01-16,11:00:00,1068.6,Close,None,1068.6,40037000.0,37000.000000000175
2023-01-16,13:55:00,1070.7,Open,LONG,1070.7,40037000.0,
2023-01-17,13:50:00,1089.0,Close,None,1089.0,41820000.0,1820000.0000000005
2023-01-17,14:15:00,1098.9,Open,LONG,1098.9,41820000.0,
2023-01-19,10:55:00,1119.4,Close,None,1119.4,43823000.0,3823000.0000000005
2023-01-19,13:30:00,1118.6,Open,LONG,1118.6,43823000.0,
2023-01-19,13:45:00,1117.3,Close,None,1117.3,43646000.0,3646000.0000000005
2023-01-19,13:50:00,1119.9,Open,LONG,1119.9,43646000.0,
2023-01-19,14:25:00,1121.0,Close_Future_Expired,None,1121.0,43708999.99999999,109999.9999999909
2023-01-27,10:45:00,1141.3,Open,LONG,1141.3,43708999.99999999,
2023-01-27,13:45:00,1139.0,Close,None,1139.0,43431999.99999999,-167000.00000000902
2023-01-27,13:50:00,1137.1,Open,SHORT,1137.1,43431999.99999999,
2023-01-31,13:45:00,1109.5,Close,None,1109.5,46144999.99999999,2545999.9999999916
2023-01-31,14:00:00,1110.7,Open,LONG,1110.7,46144999.99999999,
2023-02-01,10:40:00,1116.8,Close,None,1116.8,46707999.99999999,3108999.9999999916
2023-02-01,10:55:00,1114.3,Open,SHORT,1114.3,46707999.99999999,
2023-02-01,13:25:00,1118.3,Close,None,1118.3,46260999.99999999,2661999.9999999916
2023-02-01,13:35:00,1121.7,Open,LONG,1121.7,46260999.99999999,
2023-02-01,13:50:00,1114.8,Close,None,1114.8,45523999.99999999,1924999.9999999916
2023-02-02,09:00:00,1092.5,Open,SHORT,1092.5,45523999.99999999,
2023-02-02,13:30:00,1095.3,Close,None,1095.3,45196999.99999999,1597999.9999999916
2023-02-02,14:15:00,1090.5,Open,SHORT,1090.5,45196999.99999999,
2023-02-03,10:35:00,1091.1,Close,None,1091.1,45089999.99999999,1490999.9999999916
2023-02-03,10:45:00,1088.7,Open,SHORT,1088.7,45089999.99999999,
2023-02-03,13:10:00,1090.5,Close,None,1090.5,44862999.99999999,1263999.9999999916
2023-02-03,13:25:00,1087.2,Open,SHORT,1087.2,44862999.99999999,
2023-02-06,11:00:00,1079.9,Close,None,1079.9,45545999.99999999,1946999.9999999916
2023-02-06,11:15:00,1081.0,Open,LONG,1081.0,45545999.99999999,
2023-02-06,13:35:00,1079.1,Close,None,1079.1,45308999.99999999,1709999.9999999916
2023-02-06,13:50:00,1080.9,Open,LONG,1080.9,45308999.99999999,
2023-02-06,14:00:00,1078.2,Close,None,1078.2,44991999.99999999,1392999.9999999916
2023-02-06,14:15:00,1087.9,Open,LONG,1087.9,44991999.99999999,
2023-02-07,10:50:00,1087.0,Close,None,1087.0,44854999.99999999,1255999.9999999916
2023-02-07,11:15:00,1085.6,Open,SHORT,1085.6,44854999.99999999,
2023-02-08,09:00:00,1071.0,Close,None,1071.0,46267999.99999999,2668999.9999999916
2023-02-08,10:55:00,1072.5,Open,SHORT,1072.5,46267999.99999999,
2023-02-08,13:35:00,1075.0,Close,None,1075.0,45970999.99999999,2371999.9999999916
2023-02-08,14:00:00,1077.7,Open,LONG,1077.7,45970999.99999999,
2023-02-08,14:20:00,1072.8,Close,None,1072.8,45433999.99999999,1834999.9999999916
2023-02-09,09:00:00,1068.0,Open,SHORT,1068.0,45433999.99999999,
2023-02-09,10:30:00,1070.6,Close,None,1070.6,45126999.99999999,1527999.9999999916
2023-02-09,11:00:00,1067.0,Open,SHORT,1067.0,45126999.99999999,
2023-02-09,13:00:00,1069.0,Close,None,1069.0,44879999.99999999,1280999.9999999916
2023-02-09,13:25:00,1069.9,Open,LONG,1069.9,44879999.99999999,
2023-02-09,13:30:00,1066.9,Close,None,1066.9,44532999.99999999,933999.9999999916
2023-02-09,13:55:00,1070.7,Open,LONG,1070.7,44532999.99999999,
2023-02-09,14:05:00,1069.0,Close,None,1069.0,44315999.99999999,716999.9999999916
2023-02-09,14:15:00,1072.2,Open,LONG,1072.2,44315999.99999999,
2023-02-09,14:25:00,1062.0,Close,None,1062.0,43248999.99999999,-350000.0000000084
2023-02-10,09:00:00,1056.8,Open,SHORT,1056.8,43248999.99999999,
2023-02-13,14:15:00,1033.9,Close,None,1033.9,45491999.99999999,1892999.9999999916
2023-02-14,09:30:00,1036.2,Open,LONG,1036.2,45491999.99999999,
2023-02-14,09:45:00,1034.4,Close,None,1034.4,45264999.99999999,1665999.9999999916
2023-02-14,10:10:00,1037.4,Open,LONG,1037.4,45264999.99999999,
2023-02-14,10:20:00,1035.3,Close,None,1035.3,45007999.99999999,1408999.9999999916
2023-02-14,10:40:00,1038.6,Open,LONG,1038.6,45007999.99999999,
2023-02-14,11:15:00,1035.9,Close,None,1035.9,44690999.99999999,1091999.9999999916
2023-02-14,13:25:00,1033.0,Open,SHORT,1033.0,44690999.99999999,
2023-02-15,09:45:00,1034.6,Close,None,1034.6,44483999.99999999,884999.9999999916
2023-02-15,09:55:00,1035.3,Open,LONG,1035.3,44483999.99999999,
2023-02-15,13:30:00,1039.5,Close,None,1039.5,44856999.99999999,1257999.9999999916
2023-02-15,14:05:00,1035.3,Open,SHORT,1035.3,44856999.99999999,
2023-02-16,09:00:00,1042.9,Close,None,1042.9,44049999.99999999,450999.9999999916
2023-02-16,09:05:00,1044.7,Open,LONG,1044.7,44049999.99999999,
2023-02-16,13:05:00,1042.8,Close,None,1042.8,43812999.99999999,213999.99999999162
2023-02-16,13:55:00,1044.2,Open,LONG,1044.2,43812999.99999999,
2023-02-16,14:25:00,1052.5,Close_Future_Expired,None,1052.5,44595999.999999985,829999.9999999955
2023-02-17,10:35:00,1045.8,Open,SHORT,1045.8,44595999.999999985,
2023-02-17,13:35:00,1047.5,Close,None,1047.5,44378999.999999985,612999.9999999955
2023-02-17,13:55:00,1043.5,Open,SHORT,1043.5,44378999.999999985,
2023-02-17,14:10:00,1046.8,Close,None,1046.8,44001999.999999985,235999.99999999552
2023-02-20,09:00:00,1050.8,Open,LONG,1050.8,44001999.999999985,
2023-02-21,14:10:00,1081.4,Close,None,1081.4,47014999.999999985,3248999.999999996
2023-02-21,14:25:00,1077.2,Open,SHORT,1077.2,47014999.999999985,
2023-02-22,13:40:00,1066.5,Close,None,1066.5,48037999.999999985,4271999.999999995
2023-02-23,09:00:00,1045.6,Open,SHORT,1045.6,48037999.999999985,
2023-02-23,14:20:00,1036.5,Close,None,1036.5,48900999.999999985,5134999.999999995
2023-02-24,09:00:00,1046.2,Open,LONG,1046.2,48900999.999999985,
2023-02-24,09:20:00,1042.0,Close,None,1042.0,48433999.999999985,4667999.999999995
2023-02-24,09:20:00,1042.0,Open,LONG,1042.0,48433999.999999985,
2023-02-24,09:55:00,1038.8,Close,None,1038.8,48066999.999999985,4300999.999999995
2023-02-24,10:10:00,1038.7,Open,SHORT,1038.7,48066999.999999985,
2023-02-24,14:20:00,1032.2,Close,None,1032.2,48669999.999999985,4903999.999999995
2023-02-27,09:00:00,1017.4,Open,SHORT,1017.4,48669999.999999985,
2023-02-27,13:00:00,1007.0,Close,None,1007.0,49662999.999999985,5896999.999999995
2023-02-27,14:00:00,1016.3,Open,LONG,1016.3,49662999.999999985,
2023-02-27,14:15:00,1010.7,Close,None,1010.7,49055999.999999985,5289999.999999995
2023-02-28,09:10:00,1019.2,Open,LONG,1019.2,49055999.999999985,
2023-02-28,09:55:00,1015.9,Close,None,1015.9,48678999.999999985,4912999.999999995
2023-02-28,10:05:00,1017.8,Open,LONG,1017.8,48678999.999999985,
2023-02-28,13:00:00,1017.5,Close,None,1017.5,48601999.999999985,4835999.999999995
2023-02-28,13:35:00,1015.5,Open,SHORT,1015.5,48601999.999999985,
2023-03-01,10:20:00,1006.1,Close,None,1006.1,49494999.999999985,5728999.999999995
2023-03-01,10:40:00,1013.8,Open,LONG,1013.8,49494999.999999985,
2023-03-01,13:50:00,1020.6,Close,None,1020.6,50127999.999999985,6361999.999999995
2023-03-01,14:15:00,1028.6,Open,LONG,1028.6,50127999.999999985,
2023-03-02,10:20:00,1030.0,Close,None,1030.0,50220999.999999985,6454999.999999995
2023-03-02,11:00:00,1024.8,Open,SHORT,1024.8,50220999.999999985,
2023-03-02,11:25:00,1027.9,Close,None,1027.9,49863999.999999985,6097999.999999995
2023-03-02,13:00:00,1029.6,Open,LONG,1029.6,49863999.999999985,
2023-03-02,13:20:00,1027.3,Close,None,1027.3,49586999.999999985,5820999.999999995
2023-03-02,14:20:00,1029.5,Open,LONG,1029.5,49586999.999999985,
2023-03-02,14:25:00,1024.7,Close,None,1024.7,49059999.999999985,5293999.999999995
2023-03-03,09:00:00,1029.8,Open,LONG,1029.8,49059999.999999985,
2023-03-03,09:40:00,1026.9,Close,None,1026.9,48722999.999999985,4956999.999999995
2023-03-03,09:50:00,1025.7,Open,SHORT,1025.7,48722999.999999985,
2023-03-03,13:55:00,1020.6,Close,None,1020.6,49185999.999999985,5419999.999999995
2023-03-03,14:20:00,1013.8,Open,SHORT,1013.8,49185999.999999985,
2023-03-06,09:05:00,1017.8,Close,None,1017.8,48738999.999999985,4972999.999999995
2023-03-06,09:25:00,1026.0,Open,LONG,1026.0,48738999.999999985,
2023-03-06,13:25:00,1027.6,Close,None,1027.6,48851999.999999985,5085999.999999995
2023-03-06,13:45:00,1025.9,Open,SHORT,1025.9,48851999.999999985,
2023-03-07,09:00:00,1020.4,Close,None,1020.4,49354999.999999985,5588999.999999995
2023-03-07,09:25:00,1029.8,Open,LONG,1029.8,49354999.999999985,
2023-03-07,10:35:00,1026.5,Close,None,1026.5,48977999.999999985,5211999.999999995
2023-03-07,10:55:00,1029.9,Open,LONG,1029.9,48977999.999999985,
2023-03-07,11:05:00,1027.2,Close,None,1027.2,48660999.999999985,4894999.999999995
2023-03-07,13:25:00,1029.6,Open,LONG,1029.6,48660999.999999985,
2023-03-07,13:45:00,1022.8,Close,None,1022.8,47933999.999999985,4167999.9999999953
2023-03-07,14:10:00,1034.1,Open,LONG,1034.1,47933999.999999985,
2023-03-07,14:15:00,1027.7,Close,None,1027.7,47246999.999999985,3480999.9999999953
2023-03-07,14:25:00,1020.0,Open,SHORT,1020.0,47246999.999999985,
2023-03-08,13:05:00,1019.5,Close,None,1019.5,47249999.999999985,3483999.9999999953
2023-03-08,13:25:00,1024.5,Open,LONG,1024.5,47249999.999999985,
2023-03-09,10:10:00,1036.9,Close,None,1036.9,48442999.999999985,4676999.999999995
2023-03-09,10:45:00,1039.6,Open,LONG,1039.6,48442999.999999985,
2023-03-10,09:00:00,1042.0,Close,None,1042.0,48635999.999999985,4869999.999999995
2023-03-10,09:55:00,1040.0,Open,SHORT,1040.0,48635999.999999985,
2023-03-10,10:10:00,1042.7,Close,None,1042.7,48318999.999999985,4552999.999999995
2023-03-10,10:55:00,1037.3,Open,SHORT,1037.3,48318999.999999985,
2023-03-10,13:05:00,1040.4,Close,None,1040.4,47961999.999999985,4195999.999999995
2023-03-10,13:30:00,1038.6,Open,SHORT,1038.6,47961999.999999985,
2023-03-10,13:40:00,1041.6,Close,None,1041.6,47614999.999999985,3848999.9999999953
2023-03-10,13:55:00,1044.0,Open,LONG,1044.0,47614999.999999985,
2023-03-10,14:10:00,1036.8,Close,None,1036.8,46847999.999999985,3081999.9999999953
2023-03-10,14:15:00,1037.1,Open,SHORT,1037.1,46847999.999999985,
2023-03-10,14:20:00,1041.0,Close,None,1041.0,46410999.999999985,2644999.9999999953
2023-03-13,09:00:00,1045.5,Open,LONG,1045.5,46410999.999999985,
2023-03-13,13:15:00,1049.9,Close,None,1049.9,46803999.999999985,3037999.9999999953
2023-03-13,13:50:00,1051.5,Open,LONG,1051.5,46803999.999999985,
2023-03-13,13:55:00,1046.6,Close,None,1046.6,46266999.999999985,2500999.9999999953
2023-03-14,09:05:00,1046.7,Open,SHORT,1046.7,46266999.999999985,
2023-03-15,09:00:00,1057.0,Close,None,1057.0,45189999.999999985,1423999.999999995
2023-03-15,09:00:00,1057.0,Open,LONG,1057.0,45189999.999999985,
2023-03-15,09:45:00,1053.5,Close,None,1053.5,44792999.999999985,1026999.9999999951
2023-03-15,10:00:00,1053.5,Open,LONG,1053.5,44792999.999999985,
2023-03-16,09:00:00,1058.2,Close,None,1058.2,45215999.999999985,1449999.999999995
2023-03-16,09:20:00,1058.4,Open,SHORT,1058.4,45215999.999999985,
2023-03-16,13:05:00,1054.5,Close,None,1054.5,45558999.999999985,1792999.999999995
2023-03-16,14:25:00,1042.8,Open,SHORT,1042.8,45558999.999999985,
2023-03-17,09:00:00,1055.1,Close_Future_Expired,None,1055.1,44281999.99999999,-1229999.9999999953
2023-03-17,10:40:00,1051.1,Open,SHORT,1051.1,44281999.99999999,
2023-03-21,09:00:00,1029.6,Close,None,1029.6,46384999.99999999,873000.0000000047
2023-03-21,09:50:00,1023.4,Open,SHORT,1023.4,46384999.99999999,
2023-03-21,13:05:00,1021.0,Close,None,1021.0,46577999.99999999,1066000.0000000047
2023-03-21,13:45:00,1025.4,Open,LONG,1025.4,46577999.99999999,
2023-03-23,09:00:00,1028.0,Close,None,1028.0,46790999.99999999,1279000.0000000047
2023-03-23,09:00:00,1028.0,Open,SHORT,1028.0,46790999.99999999,
2023-03-23,10:10:00,1031.2,Close,None,1031.2,46423999.99999999,912000.0000000047
2023-03-23,13:35:00,1035.2,Open,LONG,1035.2,46423999.99999999,
2023-03-24,14:05:00,1049.3,Close,None,1049.3,47786999.99999999,2275000.0000000047
2023-03-27,09:05:00,1042.7,Open,SHORT,1042.7,47786999.99999999,
2023-03-27,10:10:00,1046.2,Close,None,1046.2,47389999.99999999,1878000.0000000047
2023-03-27,10:20:00,1047.5,Open,LONG,1047.5,47389999.99999999,
2023-03-27,14:25:00,1047.6,Close,None,1047.6,47352999.99999999,1841000.0000000047
2023-03-28,09:05:00,1055.0,Open,LONG,1055.0,47352999.99999999,
2023-03-28,13:30:00,1054.8,Close,None,1054.8,47285999.99999999,1774000.0000000047
2023-03-28,14:20:00,1052.6,Open,SHORT,1052.6,47285999.99999999,
2023-03-29,10:00:00,1053.8,Close,None,1053.8,47118999.99999999,1607000.0000000047
2023-03-29,10:30:00,1051.0,Open,SHORT,1051.0,47118999.99999999,
2023-03-29,13:35:00,1052.1,Close,None,1052.1,46961999.99999999,1450000.0000000047
2023-03-29,13:55:00,1050.8,Open,SHORT,1050.8,46961999.99999999,
2023-03-30,09:00:00,1062.1,Close,None,1062.1,45784999.99999999,273000.0000000044
2023-03-30,09:00:00,1062.1,Open,LONG,1062.1,45784999.99999999,
2023-03-30,13:40:00,1062.9,Close,None,1062.9,45817999.99999999,306000.0000000044
2023-03-30,14:00:00,1064.5,Open,LONG,1064.5,45817999.99999999,
2023-03-31,13:15:00,1070.2,Close,None,1070.2,46340999.99999999,829000.0000000044
2023-03-31,14:15:00,1071.9,Open,LONG,1071.9,46340999.99999999,
2023-03-31,14:25:00,1069.8,Close,None,1069.8,46083999.99999999,572000.0000000044
2023-04-03,09:00:00,1080.9,Open,LONG,1080.9,46083999.99999999,
2023-04-03,09:05:00,1077.8,Close,None,1077.8,45726999.99999999,215000.00000000442
2023-04-03,09:05:00,1077.8,Open,LONG,1077.8,45726999.99999999,
2023-04-04,10:00:00,1079.3,Close,None,1079.3,45829999.99999999,318000.0000000044
2023-04-04,10:15:00,1079.9,Open,SHORT,1079.9,45829999.99999999,
2023-04-04,10:35:00,1080.3,Close,None,1080.3,45742999.99999999,231000.00000000442
2023-04-04,10:45:00,1079.6,Open,SHORT,1079.6,45742999.99999999,
2023-04-04,11:20:00,1079.9,Close,None,1079.9,45665999.99999999,154000.00000000442
2023-04-04,13:40:00,1080.5,Open,LONG,1080.5,45665999.99999999,
2023-04-05,09:00:00,1078.7,Close,None,1078.7,45438999.99999999,-72999.99999999558
2023-04-05,09:10:00,1078.1,Open,SHORT,1078.1,45438999.99999999,
2023-04-05,10:05:00,1079.9,Close,None,1079.9,45211999.99999999,-299999.9999999956
2023-04-05,10:40:00,1079.1,Open,SHORT,1079.1,45211999.99999999,
2023-04-05,11:05:00,1079.7,Close,None,1079.7,45104999.99999999,-406999.9999999956
2023-04-05,11:15:00,1078.4,Open,SHORT,1078.4,45104999.99999999,
2023-04-05,13:25:00,1079.5,Close,None,1079.5,44947999.99999999,-563999.9999999956
2023-04-05,13:45:00,1080.2,Open,LONG,1080.2,44947999.99999999,
2023-04-05,14:00:00,1079.2,Close,None,1079.2,44800999.99999999,-710999.9999999956
2023-04-05,14:10:00,1079.0,Open,SHORT,1079.0,44800999.99999999,
2023-04-05,14:15:00,1079.5,Close,None,1079.5,44703999.99999999,-807999.9999999956
2023-04-05,14:25:00,1081.0,Open,LONG,1081.0,44703999.99999999,
2023-04-06,14:10:00,1084.1,Close,None,1084.1,44966999.99999999,-544999.9999999956
2023-04-06,14:20:00,1081.4,Open,SHORT,1081.4,44966999.99999999,
2023-04-07,13:50:00,1070.6,Close,None,1070.6,45999999.99999999,488000.0000000044
2023-04-10,09:05:00,1077.7,Open,LONG,1077.7,45999999.99999999,
2023-04-10,13:40:00,1076.3,Close,None,1076.3,45812999.99999999,301000.0000000044
2023-04-10,13:45:00,1074.7,Open,SHORT,1074.7,45812999.99999999,
2023-04-11,13:15:00,1068.5,Close,None,1068.5,46385999.99999999,874000.0000000044
2023-04-11,14:05:00,1073.4,Open,LONG,1073.4,46385999.99999999,
2023-04-12,10:15:00,1074.5,Close,None,1074.5,46448999.99999999,937000.0000000044
2023-04-12,10:55:00,1074.9,Open,LONG,1074.9,46448999.99999999,
2023-04-12,14:15:00,1073.7,Close,None,1073.7,46281999.99999999,770000.0000000044
2023-04-12,14:20:00,1072.0,Open,SHORT,1072.0,46281999.99999999,
2023-04-13,10:05:00,1074.2,Close,None,1074.2,46014999.99999999,503000.0000000044
2023-04-13,10:35:00,1073.3,Open,SHORT,1073.3,46014999.99999999,
2023-04-13,14:15:00,1073.0,Close,None,1073.0,45997999.99999999,486000.0000000044
2023-04-13,14:25:00,1071.7,Open,SHORT,1071.7,45997999.99999999,
2023-04-14,09:05:00,1072.9,Close,None,1072.9,45830999.99999999,319000.0000000044
2023-04-14,10:05:00,1073.2,Open,LONG,1073.2,45830999.99999999,
2023-04-14,10:55:00,1071.5,Close,None,1071.5,45613999.99999999,102000.00000000442
2023-04-14,11:00:00,1071.4,Open,SHORT,1071.4,45613999.99999999,
2023-04-17,11:25:00,1063.5,Close,None,1063.5,46356999.99999999,845000.0000000045
2023-04-17,14:00:00,1061.8,Open,SHORT,1061.8,46356999.99999999,
2023-04-17,14:15:00,1063.0,Close,None,1063.0,46189999.99999999,678000.0000000045
2023-04-18,09:20:00,1063.9,Open,LONG,1063.9,46189999.99999999,
2023-04-18,09:45:00,1063.1,Close,None,1063.1,46062999.99999999,551000.0000000045
2023-04-18,10:05:00,1062.9,Open,SHORT,1062.9,46062999.99999999,
2023-04-18,13:05:00,1062.5,Close,None,1062.5,46055999.99999999,544000.0000000045
2023-04-18,14:00:00,1062.8,Open,LONG,1062.8,46055999.99999999,
2023-04-18,14:05:00,1062.0,Close,None,1062.0,45928999.99999999,417000.00000000454
2023-04-18,14:05:00,1062.0,Open,SHORT,1062.0,45928999.99999999,
2023-04-18,14:15:00,1063.6,Close,None,1063.6,45721999.99999999,210000.0000000045
2023-04-18,14:15:00,1063.6,Open,LONG,1063.6,45721999.99999999,
2023-04-18,14:20:00,1062.0,Close,None,1062.0,45514999.99999999,3000.000000004482
2023-04-18,14:25:00,1062.7,Open,LONG,1062.7,45514999.99999999,
2023-04-18,14:30:00,1062.5,Close,None,1062.5,45447999.99999999,-63999.99999999552
2023-04-19,09:00:00,1063.0,Open,LONG,1063.0,45447999.99999999,
2023-04-19,09:40:00,1062.6,Close,None,1062.6,45360999.99999999,-150999.99999999552
2023-04-19,09:50:00,1063.3,Open,LONG,1063.3,45360999.99999999,
2023-04-19,10:00:00,1062.7,Close,None,1062.7,45253999.99999999,-257999.99999999552
2023-04-19,10:45:00,1063.1,Open,LONG,1063.1,45253999.99999999,
2023-04-19,11:05:00,1062.4,Close,None,1062.4,45136999.99999999,-374999.9999999955
2023-04-19,11:05:00,1062.4,Open,SHORT,1062.4,45136999.99999999,
2023-04-20,14:15:00,1053.0,Close,None,1053.0,46029999.99999999,518000.0000000045
2023-04-21,09:00:00,1046.7,Open,SHORT,1046.7,46029999.99999999,
2023-04-24,11:00:00,1044.4,Close,None,1044.4,46212999.99999999,701000.0000000044
2023-04-24,11:05:00,1045.2,Open,LONG,1045.2,46212999.99999999,
2023-04-24,13:40:00,1042.5,Close,None,1042.5,45895999.99999999,384000.0000000044
2023-04-24,14:00:00,1044.5,Open,LONG,1044.5,45895999.99999999,
2023-04-24,14:10:00,1042.7,Close,None,1042.7,45668999.99999999,157000.00000000442
2023-04-24,14:20:00,1041.5,Open,SHORT,1041.5,45668999.99999999,
2023-04-25,09:15:00,1042.7,Close,None,1042.7,45501999.99999999,-9999.999999995576
2023-04-25,10:00:00,1043.5,Open,LONG,1043.5,45501999.99999999,
2023-04-25,10:20:00,1042.6,Close,None,1042.6,45364999.99999999,-146999.99999999558
2023-04-25,10:40:00,1041.1,Open,SHORT,1041.1,45364999.99999999,
2023-04-26,11:25:00,1031.5,Close,None,1031.5,46277999.99999999,766000.0000000043
2023-04-26,13:45:00,1032.5,Open,LONG,1032.5,46277999.99999999,
2023-04-27,10:20:00,1035.2,Close,None,1035.2,46500999.99999999,989000.0000000044
2023-04-27,11:15:00,1033.7,Open,SHORT,1033.7,46500999.99999999,
2023-04-27,13:15:00,1035.3,Close,None,1035.3,46293999.99999999,782000.0000000044
2023-04-27,13:30:00,1035.5,Open,LONG,1035.5,46293999.99999999,
2023-04-27,13:40:00,1034.3,Close,None,1034.3,46126999.99999999,615000.0000000044
2023-04-27,13:45:00,1035.2,Open,LONG,1035.2,46126999.99999999,
2023-04-27,14:20:00,1034.6,Close,None,1034.6,46019999.99999999,508000.0000000044
2023-04-28,09:00:00,1038.0,Open,LONG,1038.0,46019999.99999999,
2023-05-04,09:00:00,1040.7,Close,None,1040.7,46242999.99999999,731000.0000000044
2023-05-04,09:45:00,1038.1,Open,SHORT,1038.1,46242999.99999999,
2023-05-05,09:50:00,1035.2,Close,None,1035.2,46485999.99999999,974000.0000000044
2023-05-05,10:30:00,1033.0,Open,SHORT,1033.0,46485999.99999999,
2023-05-05,13:25:00,1033.7,Close,None,1033.7,46368999.99999999,857000.0000000044
2023-05-05,13:40:00,1034.8,Open,LONG,1034.8,46368999.99999999,
2023-05-05,13:50:00,1032.8,Close,None,1032.8,46121999.99999999,610000.0000000044
2023-05-05,14:05:00,1034.6,Open,LONG,1034.6,46121999.99999999,
2023-05-05,14:20:00,1033.5,Close,None,1033.5,45964999.99999999,453000.0000000044
2023-05-05,14:25:00,1034.7,Open,LONG,1034.7,45964999.99999999,
2023-05-09,11:25:00,1042.9,Close,None,1042.9,46737999.99999999,1226000.0000000044
2023-05-09,13:35:00,1042.0,Open,SHORT,1042.0,46737999.99999999,
2023-05-09,13:55:00,1043.0,Close,None,1043.0,46590999.99999999,1079000.0000000044
2023-05-09,14:00:00,1041.9,Open,SHORT,1041.9,46590999.99999999,
2023-05-10,09:00:00,1043.1,Close,None,1043.1,46423999.99999999,912000.0000000044
2023-05-10,09:05:00,1043.5,Open,LONG,1043.5,46423999.99999999,
2023-05-11,14:10:00,1052.4,Close,None,1052.4,47266999.99999999,1755000.0000000044
2023-05-12,09:00:00,1049.6,Open,SHORT,1049.6,47266999.99999999,
2023-05-12,10:15:00,1051.8,Close,None,1051.8,46999999.99999999,1488000.0000000044
2023-05-12,10:25:00,1052.9,Open,LONG,1052.9,46999999.99999999,
2023-05-12,13:35:00,1052.4,Close,None,1052.4,46902999.99999999,1391000.0000000044
2023-05-12,14:10:00,1055.8,Open,LONG,1055.8,46902999.99999999,
2023-05-15,10:35:00,1069.7,Close,None,1069.7,48245999.99999999,2734000.0000000047
2023-05-15,13:00:00,1070.3,Open,LONG,1070.3,48245999.99999999,
2023-05-15,14:15:00,1067.9,Close,None,1067.9,47958999.99999999,2447000.0000000047
2023-05-16,09:00:00,1066.8,Open,SHORT,1066.8,47958999.99999999,
2023-05-16,10:45:00,1067.3,Close,None,1067.3,47861999.99999999,2350000.0000000047
2023-05-16,11:00:00,1067.9,Open,LONG,1067.9,47861999.99999999,
2023-05-16,13:40:00,1067.5,Close,None,1067.5,47774999.99999999,2263000.0000000047
2023-05-16,13:55:00,1067.0,Open,SHORT,1067.0,47774999.99999999,
2023-05-17,09:10:00,1067.2,Close,None,1067.2,47707999.99999999,2196000.0000000047
2023-05-17,09:25:00,1066.6,Open,SHORT,1066.6,47707999.99999999,
2023-05-17,09:40:00,1067.1,Close,None,1067.1,47610999.99999999,2099000.0000000047
2023-05-17,10:45:00,1071.8,Open,LONG,1071.8,47610999.99999999,
2023-05-17,13:55:00,1070.1,Close,None,1070.1,47393999.99999999,1882000.0000000047
2023-05-17,14:05:00,1068.2,Open,SHORT,1068.2,47393999.99999999,
2023-05-18,10:30:00,1069.5,Close,None,1069.5,47216999.99999999,1705000.0000000047
2023-05-18,10:55:00,1069.3,Open,LONG,1069.3,47216999.99999999,
2023-05-18,14:30:00,1074.4,Close_Future_Expired,None,1074.4,47680000.00000001,510000.0000000136
2023-05-19,10:55:00,1058.9,Open,SHORT,1058.9,47680000.00000001,
2023-05-19,14:25:00,1062.4,Close,None,1062.4,47283000.00000001,113000.00000001362
2023-05-22,09:00:00,1062.7,Open,LONG,1062.7,47283000.00000001,
2023-05-22,11:20:00,1062.1,Close,None,1062.1,47176000.00000001,6000.000000013635
2023-05-22,13:25:00,1062.8,Open,LONG,1062.8,47176000.00000001,
2023-05-23,11:00:00,1066.6,Close,None,1066.6,47509000.00000001,339000.0000000136
2023-05-23,11:15:00,1065.6,Open,SHORT,1065.6,47509000.00000001,
2023-05-24,09:00:00,1062.2,Close,None,1062.2,47802000.00000001,632000.0000000136
2023-05-24,09:25:00,1059.8,Open,SHORT,1059.8,47802000.00000001,
2023-05-24,13:30:00,1061.4,Close,None,1061.4,47595000.00000001,425000.0000000136
2023-05-24,14:05:00,1057.7,Open,SHORT,1057.7,47595000.00000001,
2023-05-25,13:05:00,1055.1,Close,None,1055.1,47808000.00000001,638000.0000000136
2023-05-25,13:55:00,1058.3,Open,LONG,1058.3,47808000.00000001,
2023-05-26,09:30:00,1056.6,Close,None,1056.6,47591000.00000001,421000.0000000136
2023-05-26,09:55:00,1057.5,Open,LONG,1057.5,47591000.00000001,
2023-05-26,10:15:00,1056.0,Close,None,1056.0,47394000.00000001,224000.00000001362
2023-05-26,10:25:00,1055.8,Open,SHORT,1055.8,47394000.00000001,
2023-05-26,11:25:00,1056.6,Close,None,1056.6,47267000.00000001,97000.00000001362
2023-05-26,13:25:00,1056.9,Open,LONG,1056.9,47267000.00000001,
2023-05-26,13:45:00,1056.1,Close,None,1056.1,47140000.00000001,-29999.99999998638
2023-05-26,14:00:00,1057.1,Open,LONG,1057.1,47140000.00000001,
2023-05-26,14:30:00,1056.5,Close,None,1056.5,47033000.00000001,-136999.99999998638
2023-05-29,09:00:00,1059.7,Open,LONG,1059.7,47033000.00000001,
2023-05-30,10:55:00,1065.7,Close,None,1065.7,47586000.00000001,416000.0000000136
2023-05-30,11:25:00,1066.6,Open,LONG,1066.6,47586000.00000001,
2023-05-30,13:00:00,1066.2,Close,None,1066.2,47499000.00000001,329000.0000000136
2023-05-30,13:15:00,1068.3,Open,LONG,1068.3,47499000.00000001,
2023-05-30,13:55:00,1066.0,Close,None,1066.0,47222000.00000001,52000.00000001368
2023-05-30,14:00:00,1065.0,Open,SHORT,1065.0,47222000.00000001,
2023-05-30,14:20:00,1066.7,Close,None,1066.7,47005000.00000001,-164999.99999998632
2023-05-31,09:00:00,1068.1,Open,LONG,1068.1,47005000.00000001,
2023-05-31,09:35:00,1065.8,Close,None,1065.8,46728000.00000001,-441999.99999998626
2023-05-31,10:05:00,1065.8,Open,SHORT,1065.8,46728000.00000001,
2023-05-31,13:30:00,1066.0,Close,None,1066.0,46661000.00000001,-508999.99999998626
2023-05-31,13:40:00,1065.1,Open,SHORT,1065.1,46661000.00000001,
2023-06-01,14:00:00,1060.2,Close,None,1060.2,47104000.00000001,-65999.9999999862
2023-06-02,09:00:00,1069.0,Open,LONG,1069.0,47104000.00000001,
2023-06-02,13:25:00,1078.3,Close,None,1078.3,47987000.00000001,817000.0000000137
2023-06-02,14:00:00,1078.9,Open,LONG,1078.9,47987000.00000001,
2023-06-05,11:15:00,1086.6,Close,None,1086.6,48710000.00000001,1540000.0000000137
2023-06-05,13:45:00,1088.0,Open,LONG,1088.0,48710000.00000001,
2023-06-05,13:55:00,1086.1,Close,None,1086.1,48473000.00000001,1303000.0000000137
2023-06-05,14:15:00,1087.2,Open,LONG,1087.2,48473000.00000001,
2023-06-05,14:20:00,1085.0,Close,None,1085.0,48206000.00000001,1036000.0000000137
2023-06-06,09:30:00,1084.6,Open,SHORT,1084.6,48206000.00000001,
2023-06-06,10:00:00,1086.0,Close,None,1086.0,48019000.00000001,849000.0000000137
2023-06-06,10:10:00,1086.8,Open,LONG,1086.8,48019000.00000001,
2023-06-06,10:25:00,1085.8,Close,None,1085.8,47872000.00000001,702000.0000000137
2023-06-06,10:35:00,1086.3,Open,LONG,1086.3,47872000.00000001,
2023-06-07,10:20:00,1095.6,Close,None,1095.6,48755000.00000001,1585000.0000000137
2023-06-07,11:00:00,1096.1,Open,LONG,1096.1,48755000.00000001,
2023-06-07,13:25:00,1094.2,Close,None,1094.2,48518000.00000001,1348000.0000000137
2023-06-07,13:45:00,1095.7,Open,LONG,1095.7,48518000.00000001,
2023-06-08,10:15:00,1096.6,Close,None,1096.6,48561000.00000001,1391000.0000000137
2023-06-08,10:40:00,1097.5,Open,LONG,1097.5,48561000.00000001,
2023-06-08,10:55:00,1096.8,Close,None,1096.8,48444000.00000001,1274000.0000000137
2023-06-08,11:20:00,1096.1,Open,SHORT,1096.1,48444000.00000001,
2023-06-09,10:35:00,1091.7,Close,None,1091.7,48837000.00000001,1667000.0000000137
2023-06-09,13:20:00,1090.7,Open,SHORT,1090.7,48837000.00000001,
2023-06-09,13:45:00,1092.2,Close,None,1092.2,48640000.00000001,1470000.0000000137
2023-06-09,13:55:00,1089.9,Open,SHORT,1089.9,48640000.00000001,
2023-06-09,14:20:00,1091.0,Close,None,1091.0,48483000.00000001,1313000.0000000137
2023-06-12,09:00:00,1096.8,Open,LONG,1096.8,48483000.00000001,
2023-06-12,11:05:00,1094.0,Close,None,1094.0,48156000.00000001,986000.0000000137
2023-06-12,11:15:00,1092.6,Open,SHORT,1092.6,48156000.00000001,
2023-06-12,13:35:00,1093.7,Close,None,1093.7,47999000.00000001,829000.0000000137
2023-06-12,14:00:00,1095.2,Open,LONG,1095.2,47999000.00000001,
2023-06-13,13:55:00,1108.8,Close,None,1108.8,49312000.00000001,2142000.000000014
2023-06-13,14:20:00,1114.5,Open,LONG,1114.5,49312000.00000001,
2023-06-14,14:25:00,1116.8,Close,None,1116.8,49495000.00000001,2325000.000000014
2023-06-15,09:15:00,1111.7,Open,SHORT,1111.7,49495000.00000001,
2023-06-15,13:20:00,1114.7,Close,None,1114.7,49148000.00000001,1978000.000000014
2023-06-15,13:25:00,1116.0,Open,LONG,1116.0,49148000.00000001,
2023-06-15,13:55:00,1114.0,Close,None,1114.0,48901000.00000001,1731000.000000014
2023-06-15,14:15:00,1110.4,Open,SHORT,1110.4,48901000.00000001,
2023-06-15,14:30:00,1109.5,Close_Future_Expired,None,1109.5,48944000.000000015,90000.0000000091
2023-06-16,10:35:00,1113.6,Open,LONG,1113.6,48944000.000000015,
2023-06-16,14:00:00,1114.9,Close,None,1114.9,49027000.000000015,173000.00000000908
2023-06-16,14:15:00,1110.8,Open,SHORT,1110.8,49027000.000000015,
2023-06-19,14:05:00,1101.7,Close,None,1101.7,49890000.000000015,1036000.000000009
2023-06-19,14:15:00,1098.1,Open,SHORT,1098.1,49890000.000000015,
2023-06-20,14:20:00,1096.0,Close,None,1096.0,50053000.000000015,1199000.0000000088
2023-06-21,09:00:00,1099.9,Open,LONG,1099.9,50053000.000000015,
2023-06-21,11:15:00,1098.5,Close,None,1098.5,49866000.000000015,1012000.0000000088
2023-06-21,13:00:00,1098.1,Open,SHORT,1098.1,49866000.000000015,
2023-06-21,13:35:00,1100.5,Close,None,1100.5,49579000.000000015,725000.0000000088
2023-06-21,13:45:00,1100.2,Open,LONG,1100.2,49579000.000000015,
2023-06-22,13:45:00,1112.8,Close,None,1112.8,50792000.000000015,1938000.0000000088
2023-06-22,14:20:00,1119.5,Open,LONG,1119.5,50792000.000000015,
2023-06-22,14:25:00,1112.1,Close,None,1112.1,50005000.000000015,1151000.0000000088
2023-06-23,09:05:00,1114.5,Open,LONG,1114.5,50005000.000000015,
2023-06-23,11:10:00,1117.2,Close,None,1117.2,50228000.000000015,1374000.0000000088
2023-06-23,13:00:00,1114.5,Open,SHORT,1114.5,50228000.000000015,
2023-06-23,13:40:00,1116.5,Close,None,1116.5,49981000.000000015,1127000.0000000088
2023-06-23,14:05:00,1118.3,Open,LONG,1118.3,49981000.000000015,
2023-06-23,14:10:00,1116.0,Close,None,1116.0,49704000.000000015,850000.0000000088
2023-06-23,14:20:00,1118.3,Open,LONG,1118.3,49704000.000000015,
2023-06-26,09:40:00,1115.4,Close,None,1115.4,49367000.000000015,513000.00000000885
2023-06-26,09:55:00,1114.6,Open,SHORT,1114.6,49367000.000000015,
2023-06-26,13:35:00,1116.0,Close,None,1116.0,49180000.000000015,326000.00000000885
2023-06-26,14:05:00,1118.7,Open,LONG,1118.7,49180000.000000015,
2023-06-27,13:55:00,1122.8,Close,None,1122.8,49543000.000000015,689000.0000000088
2023-06-27,14:10:00,1124.1,Open,LONG,1124.1,49543000.000000015,
2023-06-28,13:45:00,1127.5,Close,None,1127.5,49836000.000000015,982000.0000000088
2023-06-28,13:55:00,1128.6,Open,LONG,1128.6,49836000.000000015,
2023-06-29,09:00:00,1132.1,Close,None,1132.1,50139000.000000015,1285000.0000000088
2023-06-29,09:00:00,1132.1,Open,LONG,1132.1,50139000.000000015,
2023-06-29,09:40:00,1129.1,Close,None,1129.1,49792000.000000015,938000.0000000088
2023-06-29,10:00:00,1126.3,Open,SHORT,1126.3,49792000.000000015,
2023-06-29,14:10:00,1126.5,Close,None,1126.5,49725000.000000015,871000.0000000088
2023-06-29,14:20:00,1120.0,Open,SHORT,1120.0,49725000.000000015,
2023-06-30,13:10:00,1118.3,Close,None,1118.3,49848000.000000015,994000.0000000088
2023-06-30,14:10:00,1116.6,Open,SHORT,1116.6,49848000.000000015,
2023-06-30,14:25:00,1118.7,Close,None,1118.7,49591000.000000015,737000.0000000088
2023-07-03,09:00:00,1121.3,Open,LONG,1121.3,49591000.000000015,
2023-07-03,10:05:00,1119.0,Close,None,1119.0,49314000.000000015,460000.0000000089
2023-07-03,10:20:00,1117.7,Open,SHORT,1117.7,49314000.000000015,
2023-07-03,13:10:00,1118.5,Close,None,1118.5,49187000.000000015,333000.0000000089
2023-07-03,13:55:00,1119.2,Open,LONG,1119.2,49187000.000000015,
2023-07-03,14:10:00,1118.1,Close,None,1118.1,49030000.000000015,176000.0000000089
2023-07-03,14:25:00,1117.2,Open,SHORT,1117.2,49030000.000000015,
2023-07-04,10:00:00,1117.3,Close,None,1117.3,48973000.000000015,119000.0000000089
2023-07-04,10:20:00,1117.7,Open,LONG,1117.7,48973000.000000015,
2023-07-05,09:00:00,1123.3,Close,None,1123.3,49486000.000000015,632000.0000000088
2023-07-05,09:15:00,1123.6,Open,LONG,1123.6,49486000.000000015,
2023-07-05,14:20:00,1126.0,Close,None,1126.0,49679000.000000015,825000.0000000088
2023-07-06,09:05:00,1122.5,Open,SHORT,1122.5,49679000.000000015,
2023-07-06,13:40:00,1117.0,Close,None,1117.0,50182000.000000015,1328000.0000000088
2023-07-06,13:50:00,1115.7,Open,SHORT,1115.7,50182000.000000015,
2023-07-07,13:15:00,1117.0,Close,None,1117.0,50005000.000000015,1151000.0000000088
2023-07-07,13:25:00,1118.2,Open,LONG,1118.2,50005000.000000015,
2023-07-11,14:05:00,1137.6,Close,None,1137.6,51898000.000000015,3044000.000000009
2023-07-11,14:15:00,1138.1,Open,SHORT,1138.1,51898000.000000015,
2023-07-12,09:00:00,1141.0,Close,None,1141.0,51561000.000000015,2707000.000000009
2023-07-12,10:10:00,1141.8,Open,LONG,1141.8,51561000.000000015,
2023-07-12,10:45:00,1140.6,Close,None,1140.6,51394000.000000015,2540000.000000009
2023-07-12,11:10:00,1139.6,Open,SHORT,1139.6,51394000.000000015,
2023-07-12,13:45:00,1140.0,Close,None,1140.0,51307000.000000015,2453000.000000009
2023-07-12,14:05:00,1140.6,Open,LONG,1140.6,51307000.000000015,
2023-07-12,14:10:00,1139.5,Close,None,1139.5,51150000.000000015,2296000.000000009
2023-07-12,14:15:00,1138.5,Open,SHORT,1138.5,51150000.000000015,
2023-07-12,14:30:00,1139.8,Close,None,1139.8,50973000.000000015,2119000.000000009
2023-07-13,09:00:00,1147.6,Open,LONG,1147.6,50973000.000000015,
2023-07-13,11:10:00,1148.7,Close,None,1148.7,51036000.000000015,2182000.000000009
2023-07-13,13:10:00,1149.7,Open,LONG,1149.7,51036000.000000015,
2023-07-14,10:15:00,1154.7,Close,None,1154.7,51489000.000000015,2635000.000000009
2023-07-14,13:20:00,1151.7,Open,SHORT,1151.7,51489000.000000015,
2023-07-14,14:20:00,1150.3,Close,None,1150.3,51582000.000000015,2728000.000000009
2023-07-17,09:00:00,1161.4,Open,LONG,1161.4,51582000.000000015,
2023-07-17,13:55:00,1162.5,Close,None,1162.5,51645000.000000015,2791000.000000009
2023-07-17,14:20:00,1163.8,Open,LONG,1163.8,51645000.000000015,
2023-07-18,09:00:00,1161.0,Close,None,1161.0,51318000.000000015,2464000.000000009
2023-07-18,09:25:00,1158.7,Open,SHORT,1158.7,51318000.000000015,
2023-07-18,09:55:00,1161.8,Close,None,1161.8,50961000.000000015,2107000.000000009
2023-07-18,10:50:00,1162.6,Open,LONG,1162.6,50961000.000000015,
2023-07-18,11:20:00,1161.7,Close,None,1161.7,50824000.000000015,1970000.0000000088
2023-07-18,13:30:00,1163.4,Open,LONG,1163.4,50824000.000000015,
2023-07-18,13:50:00,1161.2,Close,None,1161.2,50557000.000000015,1703000.0000000088
2023-07-18,14:00:00,1162.5,Open,LONG,1162.5,50557000.000000015,
2023-07-19,13:00:00,1166.5,Close,None,1166.5,50910000.000000015,2056000.0000000088
2023-07-19,13:10:00,1167.3,Open,LONG,1167.3,50910000.000000015,
2023-07-19,14:25:00,1167.3,Close,None,1167.3,50863000.000000015,2009000.0000000088
2023-07-20,09:15:00,1164.0,Open,SHORT,1164.0,50863000.000000015,
2023-07-20,13:50:00,1163.2,Close,None,1163.2,50896000.000000015,2042000.0000000088
2023-07-20,14:00:00,1160.9,Open,SHORT,1160.9,50896000.000000015,
2023-07-20,14:15:00,1164.0,Close,None,1164.0,50539000.000000015,1685000.0000000088
2023-07-20,14:25:00,1164.2,Open,LONG,1164.2,50539000.000000015,
2023-07-20,14:30:00,1165.3,Close_Future_Expired,None,1165.3,50602000.00000001,109999.9999999909
2023-07-21,10:40:00,1164.6,Open,LONG,1164.6,50602000.00000001,
2023-07-24,13:30:00,1183.5,Close,None,1183.5,52445000.00000001,1952999.999999991
2023-07-24,14:00:00,1187.0,Open,LONG,1187.0,52445000.00000001,
2023-07-25,14:10:00,1193.1,Close,None,1193.1,53008000.00000001,2515999.9999999907
2023-07-26,09:55:00,1193.0,Open,SHORT,1193.0,53008000.00000001,
2023-07-26,10:05:00,1194.0,Close,None,1194.0,52861000.00000001,2368999.9999999907
2023-07-26,10:25:00,1194.3,Open,LONG,1194.3,52861000.00000001,
2023-07-26,10:40:00,1193.4,Close,None,1193.4,52724000.00000001,2231999.9999999907
2023-07-26,10:45:00,1193.9,Open,LONG,1193.9,52724000.00000001,
2023-07-26,10:55:00,1193.1,Close,None,1193.1,52597000.00000001,2104999.9999999907
2023-07-26,11:00:00,1192.8,Open,SHORT,1192.8,52597000.00000001,
2023-07-26,11:10:00,1194.0,Close,None,1194.0,52430000.00000001,1937999.9999999907
2023-07-26,11:20:00,1194.6,Open,LONG,1194.6,52430000.00000001,
2023-07-26,13:05:00,1193.4,Close,None,1193.4,52263000.00000001,1770999.9999999907
2023-07-26,13:45:00,1195.2,Open,LONG,1195.2,52263000.00000001,
2023-07-26,14:05:00,1193.9,Close,None,1193.9,52086000.00000001,1593999.9999999907
2023-07-26,14:15:00,1194.6,Open,LONG,1194.6,52086000.00000001,
2023-07-27,10:40:00,1196.5,Close,None,1196.5,52229000.00000001,1736999.9999999907
2023-07-27,11:20:00,1194.5,Open,SHORT,1194.5,52229000.00000001,
2023-07-27,13:20:00,1193.2,Close,None,1193.2,52312000.00000001,1819999.9999999907
2023-07-27,13:25:00,1192.6,Open,SHORT,1192.6,52312000.00000001,
2023-07-27,14:00:00,1196.0,Close,None,1196.0,51925000.00000001,1432999.9999999907
2023-07-28,09:05:00,1191.9,Open,SHORT,1191.9,51925000.00000001,
2023-07-28,10:15:00,1194.7,Close,None,1194.7,51598000.00000001,1105999.9999999907
2023-07-28,10:20:00,1195.3,Open,LONG,1195.3,51598000.00000001,
2023-07-28,13:50:00,1198.5,Close,None,1198.5,51871000.00000001,1378999.9999999907
2023-07-28,14:05:00,1202.8,Open,LONG,1202.8,51871000.00000001,
2023-07-31,10:55:00,1214.8,Close,None,1214.8,53024000.00000001,2531999.9999999907
2023-07-31,13:20:00,1216.8,Open,LONG,1216.8,53024000.00000001,
2023-08-01,13:25:00,1233.4,Close,None,1233.4,54637000.00000001,4144999.9999999907
2023-08-01,14:05:00,1238.6,Open,LONG,1238.6,54637000.00000001,
2023-08-01,14:20:00,1227.0,Close,None,1227.0,53430000.00000001,2937999.9999999907
2023-08-01,14:20:00,1227.0,Open,SHORT,1227.0,53430000.00000001,
2023-08-02,13:40:00,1223.8,Close,None,1223.8,53703000.00000001,3210999.9999999907
2023-08-02,14:00:00,1226.4,Open,LONG,1226.4,53703000.00000001,
2023-08-02,14:20:00,1222.0,Close,None,1222.0,53216000.00000001,2723999.9999999907
2023-08-02,14:25:00,1219.6,Open,SHORT,1219.6,53216000.00000001,
2023-08-03,10:55:00,1222.8,Close,None,1222.8,52849000.00000001,2356999.9999999907
2023-08-03,11:00:00,1222.6,Open,LONG,1222.6,52849000.00000001,
2023-08-03,11:15:00,1221.1,Close,None,1221.1,52652000.00000001,2159999.9999999907
2023-08-03,11:20:00,1218.7,Open,SHORT,1218.7,52652000.00000001,
2023-08-04,09:00:00,1213.3,Close,None,1213.3,53145000.00000001,2652999.9999999907
2023-08-04,10:15:00,1216.7,Open,LONG,1216.7,53145000.00000001,
2023-08-07,13:40:00,1238.0,Close,None,1238.0,55228000.00000001,4735999.999999991
2023-08-07,14:25:00,1246.8,Open,LONG,1246.8,55228000.00000001,
2023-08-08,10:25:00,1247.4,Close,None,1247.4,55241000.00000001,4748999.999999991
2023-08-08,10:50:00,1248.7,Open,LONG,1248.7,55241000.00000001,
2023-08-08,13:45:00,1244.8,Close,None,1244.8,54804000.00000001,4311999.999999991
2023-08-08,14:05:00,1251.9,Open,LONG,1251.9,54804000.00000001,
2023-08-08,14:10:00,1248.1,Close,None,1248.1,54377000.00000001,3884999.9999999907
2023-08-08,14:15:00,1245.0,Open,SHORT,1245.0,54377000.00000001,
2023-08-09,09:00:00,1248.7,Close,None,1248.7,53960000.00000001,3467999.9999999907
2023-08-09,09:25:00,1244.7,Open,SHORT,1244.7,53960000.00000001,
2023-08-10,09:10:00,1241.8,Close,None,1241.8,54203000.00000001,3710999.9999999907
2023-08-10,10:05:00,1237.4,Open,SHORT,1237.4,54203000.00000001,
2023-08-10,13:10:00,1237.8,Close,None,1237.8,54116000.00000001,3623999.9999999907
2023-08-10,13:55:00,1232.5,Open,SHORT,1232.5,54116000.00000001,
2023-08-11,09:00:00,1231.1,Close,None,1231.1,54209000.00000001,3716999.9999999907
2023-08-11,10:25:00,1231.0,Open,SHORT,1231.0,54209000.00000001,
2023-08-11,13:55:00,1229.9,Close,None,1229.9,54272000.00000001,3779999.9999999907
2023-08-11,14:05:00,1233.4,Open,LONG,1233.4,54272000.00000001,
2023-08-14,13:55:00,1238.6,Close,None,1238.6,54745000.00000001,4252999.999999991
2023-08-14,14:20:00,1242.2,Open,LONG,1242.2,54745000.00000001,
2023-08-15,09:00:00,1239.2,Close,None,1239.2,54398000.00000001,3905999.9999999907
2023-08-15,09:30:00,1241.0,Open,LONG,1241.0,54398000.00000001,
2023-08-15,09:45:00,1239.3,Close,None,1239.3,54181000.00000001,3688999.9999999907
2023-08-15,09:45:00,1239.3,Open,SHORT,1239.3,54181000.00000001,
2023-08-15,13:15:00,1238.5,Close,None,1238.5,54214000.00000001,3721999.9999999907
2023-08-15,13:55:00,1239.9,Open,LONG,1239.9,54214000.00000001,
2023-08-15,14:00:00,1238.3,Close,None,1238.3,54007000.00000001,3514999.9999999907
2023-08-15,14:20:00,1239.7,Open,LONG,1239.7,54007000.00000001,
2023-08-16,13:40:00,1249.8,Close,None,1249.8,54970000.00000001,4477999.999999991
2023-08-16,13:55:00,1251.6,Open,LONG,1251.6,54970000.00000001,
2023-08-17,09:00:00,1254.4,Close,None,1254.4,55203000.00000001,4710999.999999991
2023-08-17,09:40:00,1255.0,Open,LONG,1255.0,55203000.00000001,
2023-08-17,13:55:00,1257.7,Close,None,1257.7,55426000.00000001,4933999.999999991
2023-08-17,14:25:00,1253.9,Open,SHORT,1253.9,55426000.00000001,
2023-08-17,14:30:00,1253.9,Close_Future_Expired,None,1253.9,55379000.00000001,0.0
2023-08-18,10:35:00,1229.1,Open,SHORT,1229.1,55379000.00000001,
2023-08-18,10:45:00,1232.5,Close,None,1232.5,54992000.00000001,-387000.0
2023-08-18,11:05:00,1231.8,Open,SHORT,1231.8,54992000.00000001,
2023-08-21,10:50:00,1193.4,Close,None,1193.4,58785000.00000001,3406000.0
2023-08-21,13:15:00,1189.2,Open,SHORT,1189.2,58785000.00000001,
2023-08-21,13:30:00,1194.2,Close,None,1194.2,58238000.00000001,2859000.0
2023-08-21,14:20:00,1200.2,Open,LONG,1200.2,58238000.00000001,
2023-08-21,14:25:00,1193.2,Close,None,1193.2,57491000.00000001,2112000.0
2023-08-22,09:30:00,1189.5,Open,SHORT,1189.5,57491000.00000001,
2023-08-22,10:25:00,1182.6,Close,None,1182.6,58134000.00000001,2755000.0
2023-08-22,10:35:00,1182.4,Open,SHORT,1182.4,58134000.00000001,
2023-08-22,13:05:00,1168.1,Close,None,1168.1,59517000.00000001,4138000.0
2023-08-22,14:00:00,1191.3,Open,LONG,1191.3,59517000.00000001,
2023-08-22,14:15:00,1186.1,Close,None,1186.1,58950000.00000001,3571000.0
2023-08-23,09:05:00,1204.2,Open,LONG,1204.2,58950000.00000001,
2023-08-23,09:15:00,1201.2,Close,None,1201.2,58603000.00000001,3224000.0
2023-08-23,09:15:00,1201.2,Open,LONG,1201.2,58603000.00000001,
2023-08-23,09:40:00,1197.1,Close,None,1197.1,58146000.00000001,2767000.0
2023-08-23,10:25:00,1195.3,Open,LONG,1195.3,58146000.00000001,
2023-08-23,10:45:00,1188.9,Close,None,1188.9,57459000.00000001,2080000.0
2023-08-23,11:00:00,1184.9,Open,SHORT,1184.9,57459000.00000001,
2023-08-23,11:10:00,1189.9,Close,None,1189.9,56912000.00000001,1533000.0
2023-08-23,13:55:00,1182.0,Open,SHORT,1182.0,56912000.00000001,
2023-08-23,14:05:00,1187.6,Close,None,1187.6,56305000.00000001,926000.0000000001
2023-08-23,14:25:00,1181.9,Open,SHORT,1181.9,56305000.00000001,
2023-08-24,09:05:00,1186.1,Close,None,1186.1,55838000.00000001,459000.0000000001
2023-08-24,09:20:00,1183.5,Open,SHORT,1183.5,55838000.00000001,
2023-08-24,10:00:00,1187.9,Close,None,1187.9,55351000.00000001,-27999.999999999884
2023-08-24,10:25:00,1189.5,Open,LONG,1189.5,55351000.00000001,
2023-08-24,11:15:00,1188.4,Close,None,1188.4,55194000.00000001,-184999.99999999988
2023-08-24,14:25:00,1201.1,Open,LONG,1201.1,55194000.00000001,
2023-08-25,09:00:00,1195.1,Close,None,1195.1,54547000.00000001,-831999.9999999999
2023-08-25,09:55:00,1197.5,Open,LONG,1197.5,54547000.00000001,
2023-08-25,10:10:00,1195.6,Close,None,1195.6,54310000.00000001,-1069000.0
2023-08-25,10:20:00,1197.0,Open,LONG,1197.0,54310000.00000001,
2023-08-25,10:30:00,1190.8,Close,None,1190.8,53643000.00000001,-1736000.0
2023-08-25,10:30:00,1190.8,Open,SHORT,1190.8,53643000.00000001,
2023-08-25,13:00:00,1194.2,Close,None,1194.2,53256000.00000001,-2123000.0
2023-08-25,14:05:00,1197.5,Open,LONG,1197.5,53256000.00000001,
2023-08-29,10:15:00,1208.3,Close,None,1208.3,54289000.00000001,-1090000.0
2023-08-29,11:05:00,1206.0,Open,SHORT,1206.0,54289000.00000001,
2023-08-29,13:10:00,1208.5,Close,None,1208.5,53992000.00000001,-1387000.0
2023-08-29,13:30:00,1210.5,Open,LONG,1210.5,53992000.00000001,
2023-08-29,14:25:00,1212.0,Close,None,1212.0,54095000.00000001,-1284000.0
2023-08-30,09:05:00,1213.9,Open,LONG,1213.9,54095000.00000001,
2023-08-30,13:10:00,1213.7,Close,None,1213.7,54028000.00000001,-1351000.0
2023-08-30,13:35:00,1217.4,Open,LONG,1217.4,54028000.00000001,
2023-08-31,14:00:00,1231.1,Close,None,1231.1,55351000.00000001,-28000.000000000233
2023-08-31,14:20:00,1232.8,Open,LONG,1232.8,55351000.00000001,
2023-09-05,14:00:00,1240.0,Close,None,1240.0,56024000.00000001,644999.9999999998
2023-09-05,14:15:00,1241.0,Open,SHORT,1241.0,56024000.00000001,
2023-09-05,14:20:00,1242.3,Close,None,1242.3,55847000.00000001,467999.99999999977
2023-09-06,09:20:00,1238.2,Open,SHORT,1238.2,55847000.00000001,
2023-09-06,09:40:00,1242.6,Close,None,1242.6,55360000.00000001,-19000.000000000233
2023-09-06,10:00:00,1243.9,Open,LONG,1243.9,55360000.00000001,
2023-09-06,10:30:00,1241.8,Close,None,1241.8,55103000.00000001,-276000.00000000023
2023-09-06,11:00:00,1240.4,Open,SHORT,1240.4,55103000.00000001,
2023-09-06,13:05:00,1241.4,Close,None,1241.4,54956000.00000001,-423000.00000000023
2023-09-06,13:45:00,1242.9,Open,LONG,1242.9,54956000.00000001,
2023-09-07,10:45:00,1260.1,Close,None,1260.1,56629000.00000001,1249999.9999999998
2023-09-07,13:05:00,1258.5,Open,LONG,1258.5,56629000.00000001,
2023-09-07,13:20:00,1256.0,Close,None,1256.0,56332000.00000001,952999.9999999998
2023-09-07,13:30:00,1258.9,Open,LONG,1258.9,56332000.00000001,
2023-09-07,13:45:00,1255.8,Close,None,1255.8,55975000.00000001,595999.9999999998
2023-09-07,13:55:00,1255.0,Open,SHORT,1255.0,55975000.00000001,
2023-09-07,14:15:00,1253.4,Close,None,1253.4,56088000.00000001,708999.9999999998
2023-09-07,14:20:00,1252.6,Open,SHORT,1252.6,56088000.00000001,
2023-09-08,09:25:00,1255.3,Close,None,1255.3,55771000.00000001,391999.99999999977
2023-09-08,10:00:00,1256.6,Open,LONG,1256.6,55771000.00000001,
2023-09-08,10:35:00,1255.7,Close,None,1255.7,55634000.00000001,254999.99999999977
2023-09-08,11:00:00,1255.0,Open,SHORT,1255.0,55634000.00000001,
2023-09-08,11:05:00,1257.0,Close,None,1257.0,55387000.00000001,7999.999999999796
2023-09-08,11:05:00,1257.0,Open,LONG,1257.0,55387000.00000001,
2023-09-08,11:20:00,1255.5,Close,None,1255.5,55190000.00000001,-189000.0000000002
2023-09-08,13:00:00,1257.5,Open,LONG,1257.5,55190000.00000001,
2023-09-08,13:30:00,1254.7,Close,None,1254.7,54863000.00000001,-516000.0000000001
2023-09-08,13:35:00,1252.7,Open,SHORT,1252.7,54863000.00000001,
2023-09-11,09:00:00,1261.0,Close,None,1261.0,53986000.00000001,-1393000.0000000002
2023-09-11,09:05:00,1260.7,Open,LONG,1260.7,53986000.00000001,
2023-09-11,09:55:00,1257.4,Close,None,1257.4,53609000.00000001,-1770000.0000000002
2023-09-11,10:15:00,1252.0,Open,SHORT,1252.0,53609000.00000001,
2023-09-11,10:35:00,1255.0,Close,None,1255.0,53262000.00000001,-2117000.0
2023-09-11,10:40:00,1253.6,Open,SHORT,1253.6,53262000.00000001,
2023-09-12,10:50:00,1237.6,Close,None,1237.6,54815000.00000001,-564000.0
2023-09-12,13:45:00,1240.0,Open,LONG,1240.0,54815000.00000001,
2023-09-13,10:15:00,1249.0,Close,None,1249.0,55668000.00000001,288999.9999999999
2023-09-13,11:05:00,1251.3,Open,LONG,1251.3,55668000.00000001,
2023-09-13,13:15:00,1250.0,Close,None,1250.0,55491000.00000001,111999.99999999988
2023-09-13,13:45:00,1258.6,Open,LONG,1258.6,55491000.00000001,
2023-09-13,13:55:00,1253.8,Close,None,1253.8,54964000.00000001,-415000.0000000001
2023-09-13,14:15:00,1243.8,Open,SHORT,1243.8,54964000.00000001,
2023-09-14,09:10:00,1247.4,Close,None,1247.4,54557000.00000001,-822000.0000000001
2023-09-14,09:35:00,1246.8,Open,SHORT,1246.8,54557000.00000001,
2023-09-14,09:45:00,1249.5,Close,None,1249.5,54240000.00000001,-1139000.0
2023-09-14,10:20:00,1246.4,Open,SHORT,1246.4,54240000.00000001,
2023-09-14,14:05:00,1242.7,Close,None,1242.7,54563000.00000001,-816000.0
2023-09-14,14:25:00,1233.0,Open,SHORT,1233.0,54563000.00000001,
2023-09-15,09:00:00,1240.5,Close,None,1240.5,53766000.00000001,-1613000.0
2023-09-15,09:45:00,1243.0,Open,LONG,1243.0,53766000.00000001,
2023-09-15,10:20:00,1241.0,Close,None,1241.0,53519000.00000001,-1860000.0
2023-09-15,10:25:00,1243.5,Open,LONG,1243.5,53519000.00000001,
2023-09-15,10:35:00,1241.4,Close,None,1241.4,53262000.00000001,-2117000.0
2023-09-15,10:55:00,1237.8,Open,SHORT,1237.8,53262000.00000001,
2023-09-15,13:35:00,1239.3,Close,None,1239.3,53065000.00000001,-2314000.0
2023-09-15,13:55:00,1242.0,Open,LONG,1242.0,53065000.00000001,
2023-09-15,14:10:00,1236.5,Close,None,1236.5,52468000.00000001,-2911000.0
2023-09-15,14:20:00,1237.4,Open,SHORT,1237.4,52468000.00000001,
2023-09-15,14:25:00,1239.6,Close,None,1239.6,52201000.00000001,-3178000.0
2023-09-18,09:00:00,1233.1,Open,SHORT,1233.1,52201000.00000001,
2023-09-18,13:55:00,1222.0,Close,None,1222.0,53264000.00000001,-2115000.0
2023-09-19,09:35:00,1225.6,Open,LONG,1225.6,53264000.00000001,
2023-09-19,09:50:00,1224.0,Close,None,1224.0,53057000.00000001,-2322000.0
2023-09-19,09:55:00,1223.3,Open,SHORT,1223.3,53057000.00000001,
2023-09-19,13:35:00,1220.7,Close,None,1220.7,53270000.00000001,-2109000.0
2023-09-19,14:05:00,1217.0,Open,SHORT,1217.0,53270000.00000001,
2023-09-19,14:20:00,1226.5,Close,None,1226.5,52273000.00000001,-3106000.0
2023-09-20,09:45:00,1225.5,Open,LONG,1225.5,52273000.00000001,
2023-09-20,10:10:00,1222.5,Close,None,1222.5,51926000.00000001,-3453000.0
2023-09-20,10:20:00,1224.7,Open,LONG,1224.7,51926000.00000001,
2023-09-21,09:15:00,1228.5,Close,None,1228.5,52259000.00000001,-3120000.0
2023-09-21,10:05:00,1226.9,Open,SHORT,1226.9,52259000.00000001,
2023-09-21,11:05:00,1228.1,Close,None,1228.1,52092000.00000001,-3287000.0
2023-09-21,11:15:00,1227.0,Open,SHORT,1227.0,52092000.00000001,
2023-09-21,13:20:00,1228.1,Close,None,1228.1,51935000.00000001,-3444000.0
2023-09-21,13:50:00,1224.3,Open,SHORT,1224.3,51935000.00000001,
2023-09-21,14:30:00,1221.4,Close_Future_Expired,None,1221.4,52177999.99999999,289999.9999999864
2023-09-22,10:35:00,1184.8,Open,SHORT,1184.8,52177999.99999999,
2023-09-22,13:40:00,1191.1,Close,None,1191.1,51500999.99999999,-387000.0000000136
2023-09-22,14:05:00,1191.2,Open,LONG,1191.2,51500999.99999999,
2023-09-25,09:00:00,1189.0,Close,None,1189.0,51233999.99999999,-654000.0000000136
2023-09-25,09:40:00,1192.8,Open,LONG,1192.8,51233999.99999999,
2023-09-25,09:55:00,1190.5,Close,None,1190.5,50956999.99999999,-931000.0000000135
2023-09-25,10:05:00,1191.9,Open,LONG,1191.9,50956999.99999999,
2023-09-25,10:20:00,1190.0,Close,None,1190.0,50719999.99999999,-1168000.0000000135
2023-09-25,10:25:00,1193.3,Open,LONG,1193.3,50719999.99999999,
2023-09-25,13:15:00,1191.6,Close,None,1191.6,50502999.99999999,-1385000.0000000135
2023-09-25,13:25:00,1190.3,Open,SHORT,1190.3,50502999.99999999,
2023-09-26,10:15:00,1173.3,Close,None,1173.3,52155999.99999999,267999.9999999865
2023-09-26,11:05:00,1166.4,Open,SHORT,1166.4,52155999.99999999,
2023-09-26,13:30:00,1168.3,Close,None,1168.3,51918999.99999999,30999.999999986496
2023-09-27,09:00:00,1154.9,Open,SHORT,1154.9,51918999.99999999,
2023-09-27,13:25:00,1157.4,Close,None,1157.4,51621999.99999999,-266000.0000000135
2023-09-27,14:15:00,1162.5,Open,LONG,1162.5,51621999.99999999,
2023-09-28,09:35:00,1158.8,Close,None,1158.8,51204999.99999999,-683000.0000000135
2023-09-28,09:45:00,1160.4,Open,LONG,1160.4,51204999.99999999,
2023-09-28,09:50:00,1157.9,Close,None,1157.9,50907999.99999999,-980000.0000000135
2023-09-28,10:10:00,1156.1,Open,SHORT,1156.1,50907999.99999999,
2023-09-28,11:20:00,1150.6,Close,None,1150.6,51410999.99999999,-477000.0000000135
2023-09-28,14:00:00,1156.7,Open,LONG,1156.7,51410999.99999999,
2023-09-28,14:05:00,1153.7,Close,None,1153.7,51063999.99999999,-824000.0000000135
2023-09-28,14:10:00,1165.0,Open,LONG,1165.0,51063999.99999999,
2023-09-28,14:20:00,1156.7,Close,None,1156.7,50186999.99999999,-1701000.0000000135
2023-09-29,09:00:00,1166.4,Open,LONG,1166.4,50186999.99999999,
2023-09-29,13:10:00,1165.5,Close,None,1165.5,50049999.99999999,-1838000.0000000135
2023-10-02,09:20:00,1160.5,Open,SHORT,1160.5,50049999.99999999,
2023-10-02,09:55:00,1164.0,Close,None,1164.0,49652999.99999999,-2235000.0000000135
2023-10-02,10:35:00,1166.4,Open,LONG,1166.4,49652999.99999999,
2023-10-02,13:40:00,1164.2,Close,None,1164.2,49385999.99999999,-2502000.0000000135
2023-10-02,14:10:00,1163.3,Open,SHORT,1163.3,49385999.99999999,
2023-10-03,14:10:00,1143.0,Close,None,1143.0,51368999.99999999,-519000.0000000133
2023-10-03,14:25:00,1134.0,Open,SHORT,1134.0,51368999.99999999,
2023-10-04,10:30:00,1132.8,Close,None,1132.8,51441999.99999999,-446000.0000000133
2023-10-04,11:15:00,1128.3,Open,SHORT,1128.3,51441999.99999999,
2023-10-04,11:20:00,1131.4,Close,None,1131.4,51084999.99999999,-803000.0000000133
2023-10-04,13:10:00,1134.9,Open,LONG,1134.9,51084999.99999999,
2023-10-04,14:30:00,1135.3,Close,None,1135.3,51077999.99999999,-810000.0000000133
2023-10-05,09:20:00,1133.5,Open,SHORT,1133.5,51077999.99999999,
2023-10-05,11:10:00,1134.3,Close,None,1134.3,50950999.99999999,-937000.0000000133
2023-10-05,14:05:00,1128.0,Open,SHORT,1128.0,50950999.99999999,
2023-10-06,13:05:00,1125.4,Close,None,1125.4,51163999.99999999,-724000.0000000133
2023-10-06,13:35:00,1129.0,Open,LONG,1129.0,51163999.99999999,
2023-10-09,09:00:00,1134.0,Close,None,1134.0,51616999.99999999,-271000.0000000133
2023-10-09,09:35:00,1137.5,Open,LONG,1137.5,51616999.99999999,
2023-10-10,14:00:00,1156.0,Close,None,1156.0,53419999.99999999,1531999.9999999867
2023-10-11,09:40:00,1158.6,Open,LONG,1158.6,53419999.99999999,
2023-10-11,10:10:00,1157.2,Close,None,1157.2,53232999.99999999,1344999.9999999867
2023-10-11,10:35:00,1158.5,Open,LONG,1158.5,53232999.99999999,
2023-10-11,10:55:00,1157.3,Close,None,1157.3,53065999.99999999,1177999.9999999867
2023-10-11,11:05:00,1157.9,Open,LONG,1157.9,53065999.99999999,
2023-10-11,11:10:00,1157.0,Close,None,1157.0,52928999.99999999,1040999.9999999867
2023-10-11,11:15:00,1157.1,Open,SHORT,1157.1,52928999.99999999,
2023-10-11,11:25:00,1158.0,Close,None,1158.0,52791999.99999999,903999.9999999867
2023-10-11,11:25:00,1158.0,Open,LONG,1158.0,52791999.99999999,
2023-10-11,13:15:00,1156.6,Close,None,1156.6,52604999.99999999,716999.9999999867
2023-10-11,13:20:00,1153.5,Open,SHORT,1153.5,52604999.99999999,
2023-10-11,13:45:00,1157.5,Close,None,1157.5,52157999.99999999,269999.9999999867
2023-10-11,13:55:00,1159.6,Open,LONG,1159.6,52157999.99999999,
2023-10-12,13:35:00,1164.8,Close,None,1164.8,52630999.99999999,742999.9999999867
2023-10-12,14:00:00,1162.6,Open,SHORT,1162.6,52630999.99999999,
2023-10-12,14:05:00,1165.4,Close,None,1165.4,52303999.99999999,415999.9999999868
2023-10-12,14:20:00,1159.3,Open,SHORT,1159.3,52303999.99999999,
2023-10-13,10:45:00,1153.5,Close,None,1153.5,52836999.99999999,948999.9999999867
2023-10-13,11:05:00,1152.4,Open,SHORT,1152.4,52836999.99999999,
2023-10-13,13:55:00,1151.0,Close,None,1151.0,52929999.99999999,1041999.9999999867
2023-10-13,14:20:00,1161.4,Open,LONG,1161.4,52929999.99999999,
2023-10-16,09:00:00,1158.0,Close,None,1158.0,52542999.99999999,654999.9999999867
2023-10-16,09:15:00,1158.6,Open,LONG,1158.6,52542999.99999999,
2023-10-16,10:10:00,1154.8,Close,None,1154.8,52115999.99999999,227999.9999999868
2023-10-16,10:25:00,1154.2,Open,SHORT,1154.2,52115999.99999999,
2023-10-16,13:15:00,1155.1,Close,None,1155.1,51978999.99999999,90999.99999998679
2023-10-16,14:00:00,1151.0,Open,SHORT,1151.0,51978999.99999999,
2023-10-17,10:40:00,1153.5,Close,None,1153.5,51681999.99999999,-206000.0000000132
2023-10-17,10:55:00,1153.8,Open,LONG,1153.8,51681999.99999999,
2023-10-17,13:35:00,1154.5,Close,None,1154.5,51704999.99999999,-183000.0000000132
2023-10-17,13:55:00,1156.1,Open,LONG,1156.1,51704999.99999999,
2023-10-17,14:00:00,1152.9,Close,None,1152.9,51337999.99999999,-550000.0000000133
2023-10-17,14:15:00,1151.5,Open,SHORT,1151.5,51337999.99999999,
2023-10-18,10:55:00,1137.4,Close,None,1137.4,52700999.99999999,812999.9999999867
2023-10-18,14:00:00,1130.1,Open,SHORT,1130.1,52700999.99999999,
2023-10-18,14:10:00,1133.9,Close,None,1133.9,52273999.99999999,385999.9999999868
2023-10-18,14:15:00,1123.4,Open,SHORT,1123.4,52273999.99999999,
2023-10-19,11:00:00,1119.3,Close,None,1119.3,52636999.99999999,748999.9999999867
2023-10-19,11:15:00,1115.2,Open,SHORT,1115.2,52636999.99999999,
2023-10-19,11:25:00,1119.2,Close,None,1119.2,52189999.99999999,301999.9999999867
2023-10-19,13:25:00,1116.5,Open,SHORT,1116.5,52189999.99999999,
2023-10-19,14:00:00,1119.7,Close,None,1119.7,51822999.99999999,-65000.00000001327
2023-10-19,14:15:00,1113.5,Open,SHORT,1113.5,51822999.99999999,
2023-10-19,14:30:00,1112.7,Close_Future_Expired,None,1112.7,51855999.999999985,79999.99999999546
2023-10-20,10:40:00,1101.4,Open,SHORT,1101.4,51855999.999999985,
2023-10-20,13:10:00,1104.5,Close,None,1104.5,51498999.999999985,-277000.00000000454
2023-10-20,13:25:00,1108.7,Open,LONG,1108.7,51498999.999999985,
2023-10-23,10:05:00,1110.7,Close,None,1110.7,51651999.999999985,-124000.00000000454
2023-10-23,10:20:00,1107.8,Open,SHORT,1107.8,51651999.999999985,
2023-10-23,13:15:00,1104.6,Close,None,1104.6,51924999.999999985,148999.99999999552
2023-10-23,14:05:00,1098.7,Open,SHORT,1098.7,51924999.999999985,
2023-10-23,14:25:00,1103.4,Close,None,1103.4,51407999.999999985,-368000.0000000045
2023-10-24,09:10:00,1112.2,Open,LONG,1112.2,51407999.999999985,
2023-10-24,10:20:00,1108.1,Close,None,1108.1,50950999.999999985,-825000.0000000044
2023-10-24,10:50:00,1104.5,Open,SHORT,1104.5,50950999.999999985,
2023-10-24,11:20:00,1108.7,Close,None,1108.7,50483999.999999985,-1292000.0000000044
2023-10-24,13:05:00,1113.1,Open,LONG,1113.1,50483999.999999985,
2023-10-25,13:15:00,1118.5,Close,None,1118.5,50976999.999999985,-799000.0000000044
2023-10-25,13:50:00,1117.9,Open,SHORT,1117.9,50976999.999999985,
2023-10-26,13:00:00,1074.7,Close,None,1074.7,55249999.999999985,3473999.9999999953
2023-10-27,13:05:00,1060.1,Open,SHORT,1060.1,55249999.999999985,
2023-10-27,14:05:00,1067.1,Close,None,1067.1,54502999.999999985,2726999.9999999953
2023-10-30,09:05:00,1057.6,Open,SHORT,1057.6,54502999.999999985,
2023-10-30,13:10:00,1059.6,Close,None,1059.6,54255999.999999985,2479999.9999999953
2023-10-30,13:30:00,1062.2,Open,LONG,1062.2,54255999.999999985,
2023-10-30,14:25:00,1050.0,Close,None,1050.0,52988999.999999985,1212999.9999999953
2023-10-31,09:00:00,1045.0,Open,SHORT,1045.0,52988999.999999985,
2023-10-31,11:00:00,1049.7,Close,None,1049.7,52471999.999999985,695999.9999999953
2023-10-31,13:05:00,1050.0,Open,LONG,1050.0,52471999.999999985,
2023-10-31,13:25:00,1048.0,Close,None,1048.0,52224999.999999985,448999.99999999534
2023-10-31,13:25:00,1048.0,Open,SHORT,1048.0,52224999.999999985,
2023-11-01,09:00:00,1046.9,Close,None,1046.9,52287999.999999985,511999.99999999534
2023-11-01,10:00:00,1043.1,Open,SHORT,1043.1,52287999.999999985,
2023-11-01,10:50:00,1048.5,Close,None,1048.5,51700999.999999985,-75000.00000000466
2023-11-01,11:10:00,1047.1,Open,LONG,1047.1,51700999.999999985,
2023-11-01,13:10:00,1045.0,Close,None,1045.0,51443999.999999985,-332000.00000000466
2023-11-01,13:15:00,1043.3,Open,SHORT,1043.3,51443999.999999985,
2023-11-01,14:00:00,1046.8,Close,None,1046.8,51046999.999999985,-729000.0000000047
2023-11-01,14:20:00,1049.4,Open,LONG,1049.4,51046999.999999985,
2023-11-03,14:00:00,1087.0,Close,None,1087.0,54759999.999999985,2983999.999999996
2023-11-03,14:15:00,1092.6,Open,LONG,1092.6,54759999.999999985,
2023-11-06,10:45:00,1100.1,Close,None,1100.1,55462999.999999985,3686999.999999996
2023-11-06,13:20:00,1102.0,Open,LONG,1102.0,55462999.999999985,
2023-11-06,14:20:00,1099.7,Close,None,1099.7,55185999.999999985,3409999.999999996
2023-11-07,09:00:00,1101.6,Open,LONG,1101.6,55185999.999999985,
2023-11-07,09:10:00,1098.6,Close,None,1098.6,54838999.999999985,3062999.999999996
2023-11-07,09:15:00,1096.9,Open,SHORT,1096.9,54838999.999999985,
2023-11-07,09:50:00,1099.6,Close,None,1099.6,54521999.999999985,2745999.999999996
2023-11-07,10:10:00,1098.0,Open,SHORT,1098.0,54521999.999999985,
2023-11-07,10:25:00,1100.9,Close,None,1100.9,54184999.999999985,2408999.999999996
2023-11-07,10:30:00,1101.0,Open,LONG,1101.0,54184999.999999985,
2023-11-07,10:55:00,1099.0,Close,None,1099.0,53937999.999999985,2161999.999999996
2023-11-07,11:05:00,1098.0,Open,SHORT,1098.0,53937999.999999985,
2023-11-07,13:05:00,1099.2,Close,None,1099.2,53770999.999999985,1994999.9999999958
2023-11-07,13:45:00,1096.4,Open,SHORT,1096.4,53770999.999999985,
2023-11-08,13:30:00,1093.2,Close,None,1093.2,54043999.999999985,2267999.999999996
2023-11-08,13:45:00,1104.5,Open,LONG,1104.5,54043999.999999985,
2023-11-09,13:15:00,1130.2,Close,None,1130.2,56566999.999999985,4790999.999999996
2023-11-09,14:05:00,1131.7,Open,LONG,1131.7,56566999.999999985,
2023-11-09,14:15:00,1127.0,Close,None,1127.0,56049999.999999985,4273999.999999996
2023-11-10,09:00:00,1111.2,Open,SHORT,1111.2,56049999.999999985,
2023-11-10,10:40:00,1114.7,Close,None,1114.7,55652999.999999985,3876999.9999999963
2023-11-10,13:30:00,1117.9,Open,LONG,1117.9,55652999.999999985,
2023-11-10,14:10:00,1116.0,Close,None,1116.0,55415999.999999985,3639999.9999999963
2023-11-10,14:15:00,1109.0,Open,SHORT,1109.0,55415999.999999985,
2023-11-13,10:35:00,1112.9,Close,None,1112.9,54978999.999999985,3202999.9999999963
2023-11-13,10:55:00,1114.3,Open,LONG,1114.3,54978999.999999985,
2023-11-13,11:20:00,1111.9,Close,None,1111.9,54691999.999999985,2915999.9999999963
2023-11-13,13:35:00,1109.6,Open,SHORT,1109.6,54691999.999999985,
2023-11-14,09:00:00,1115.0,Close,None,1115.0,54104999.999999985,2328999.9999999963
2023-11-14,09:10:00,1116.6,Open,LONG,1116.6,54104999.999999985,
2023-11-14,13:20:00,1117.2,Close,None,1117.2,54117999.999999985,2341999.9999999963
2023-11-14,13:55:00,1113.6,Open,SHORT,1113.6,54117999.999999985,
2023-11-14,14:20:00,1116.6,Close,None,1116.6,53770999.999999985,1994999.9999999963
2023-11-15,09:00:00,1143.5,Open,LONG,1143.5,53770999.999999985,
2023-11-15,13:45:00,1139.5,Close,None,1139.5,53323999.999999985,1547999.9999999963
2023-11-15,14:15:00,1137.8,Open,SHORT,1137.8,53323999.999999985,
2023-11-16,09:50:00,1132.1,Close,None,1132.1,53846999.999999985,2070999.9999999963
2023-11-16,10:10:00,1130.4,Open,SHORT,1130.4,53846999.999999985,
2023-11-16,13:30:00,1129.2,Close,None,1129.2,53919999.999999985,2143999.9999999963
2023-11-16,14:15:00,1124.0,Open,SHORT,1124.0,53919999.999999985,
2023-11-16,14:30:00,1125.3,Close_Future_Expired,None,1125.3,53742999.99999999,-129999.99999999546
2023-11-17,10:45:00,1133.2,Open,SHORT,1133.2,53742999.99999999,
2023-11-17,14:20:00,1122.6,Close,None,1122.6,54755999.99999999,883000.0000000044
2023-11-20,09:00:00,1085.7,Open,SHORT,1085.7,54755999.99999999,
2023-11-20,09:20:00,1089.9,Close,None,1089.9,54288999.99999999,416000.0000000044
2023-11-20,09:20:00,1089.9,Open,SHORT,1089.9,54288999.99999999,
2023-11-20,09:45:00,1095.9,Close,None,1095.9,53641999.99999999,-230999.99999999558
2023-11-20,09:55:00,1091.7,Open,SHORT,1091.7,53641999.99999999,
2023-11-20,10:10:00,1095.5,Close,None,1095.5,53214999.99999999,-657999.9999999956
2023-11-20,13:50:00,1106.5,Open,LONG,1106.5,53214999.99999999,
2023-11-20,14:15:00,1103.2,Close,None,1103.2,52837999.99999999,-1034999.9999999956
2023-11-21,09:00:00,1110.0,Open,LONG,1110.0,52837999.99999999,
2023-11-21,09:45:00,1106.4,Close,None,1106.4,52430999.99999999,-1441999.9999999956
2023-11-21,10:15:00,1105.5,Open,SHORT,1105.5,52430999.99999999,
2023-11-21,10:40:00,1107.6,Close,None,1107.6,52173999.99999999,-1698999.9999999956
2023-11-21,10:50:00,1108.4,Open,LONG,1108.4,52173999.99999999,
2023-11-21,11:00:00,1106.3,Close,None,1106.3,51916999.99999999,-1955999.9999999956
2023-11-21,11:05:00,1108.2,Open,LONG,1108.2,51916999.99999999,
2023-11-21,11:10:00,1104.5,Close,None,1104.5,51499999.99999999,-2372999.9999999953
2023-11-21,11:10:00,1104.5,Open,SHORT,1104.5,51499999.99999999,
2023-11-21,13:30:00,1107.8,Close,None,1107.8,51122999.99999999,-2749999.9999999953
2023-11-21,14:10:00,1106.3,Open,LONG,1106.3,51122999.99999999,
2023-11-21,14:15:00,1104.7,Close,None,1104.7,50915999.99999999,-2956999.9999999953
2023-11-22,09:00:00,1111.1,Open,LONG,1111.1,50915999.99999999,
2023-11-22,11:15:00,1109.8,Close,None,1109.8,50738999.99999999,-3133999.9999999953
2023-11-22,11:25:00,1103.0,Open,SHORT,1103.0,50738999.99999999,
2023-11-22,14:10:00,1106.0,Close,None,1106.0,50391999.99999999,-3480999.9999999953
2023-11-23,09:00:00,1116.4,Open,LONG,1116.4,50391999.99999999,
2023-11-23,09:40:00,1112.9,Close,None,1112.9,49994999.99999999,-3877999.9999999953
2023-11-23,10:35:00,1108.5,Open,SHORT,1108.5,49994999.99999999,
2023-11-23,13:05:00,1109.8,Close,None,1109.8,49817999.99999999,-4054999.9999999953
2023-11-23,13:30:00,1111.2,Open,LONG,1111.2,49817999.99999999,
2023-11-23,13:35:00,1108.2,Close,None,1108.2,49470999.99999999,-4401999.999999995
2023-11-23,13:55:00,1107.2,Open,SHORT,1107.2,49470999.99999999,
2023-11-23,14:00:00,1111.9,Close,None,1111.9,48953999.99999999,-4918999.999999995
2023-11-24,09:00:00,1085.0,Open,SHORT,1085.0,48953999.99999999,
2023-11-24,13:55:00,1081.4,Close,None,1081.4,49266999.99999999,-4605999.999999995
2023-11-24,14:10:00,1068.7,Open,SHORT,1068.7,49266999.99999999,
2023-11-24,14:15:00,1075.5,Close,None,1075.5,48539999.99999999,-5332999.999999995
2023-11-27,10:30:00,1080.2,Open,SHORT,1080.2,48539999.99999999,
2023-11-27,10:40:00,1081.6,Close,None,1081.6,48352999.99999999,-5519999.999999995
2023-11-27,14:20:00,1077.2,Open,SHORT,1077.2,48352999.99999999,
2023-11-28,13:20:00,1075.4,Close,None,1075.4,48485999.99999999,-5386999.999999995
2023-11-28,13:35:00,1078.7,Open,LONG,1078.7,48485999.99999999,
2023-11-28,13:55:00,1075.7,Close,None,1075.7,48138999.99999999,-5733999.999999995
2023-11-28,14:00:00,1081.7,Open,LONG,1081.7,48138999.99999999,
2023-11-28,14:15:00,1077.8,Close,None,1077.8,47701999.99999999,-6170999.999999995
2023-11-28,14:20:00,1078.8,Open,LONG,1078.8,47701999.99999999,
2023-11-30,09:00:00,1089.5,Close,None,1089.5,48724999.99999999,-5147999.999999995
2023-11-30,09:45:00,1093.0,Open,LONG,1093.0,48724999.99999999,
2023-11-30,11:00:00,1093.8,Close,None,1093.8,48757999.99999999,-5114999.999999995
2023-11-30,13:05:00,1092.5,Open,SHORT,1092.5,48757999.99999999,
2023-11-30,13:25:00,1093.4,Close,None,1093.4,48620999.99999999,-5251999.999999995
2023-11-30,13:45:00,1091.4,Open,SHORT,1091.4,48620999.99999999,
2023-11-30,13:55:00,1093.0,Close,None,1093.0,48413999.99999999,-5458999.999999995
2023-11-30,14:00:00,1090.5,Open,SHORT,1090.5,48413999.99999999,
2023-12-01,14:00:00,1086.1,Close,None,1086.1,48806999.99999999,-5065999.999999995
2023-12-01,14:10:00,1086.6,Open,LONG,1086.6,48806999.99999999,
2023-12-04,13:40:00,1104.1,Close,None,1104.1,50509999.99999999,-3362999.9999999953
2023-12-04,14:00:00,1109.5,Open,LONG,1109.5,50509999.99999999,
2023-12-04,14:30:00,1106.2,Close,None,1106.2,50132999.99999999,-3739999.9999999953
2023-12-05,09:25:00,1107.3,Open,LONG,1107.3,50132999.99999999,
2023-12-05,10:30:00,1105.3,Close,None,1105.3,49885999.99999999,-3986999.9999999953
2023-12-05,10:40:00,1102.6,Open,SHORT,1102.6,49885999.99999999,
2023-12-06,09:00:00,1102.9,Close,None,1102.9,49808999.99999999,-4063999.9999999953
2023-12-06,10:00:00,1104.5,Open,LONG,1104.5,49808999.99999999,
2023-12-06,13:35:00,1103.9,Close,None,1103.9,49701999.99999999,-4170999.9999999953
2023-12-06,13:50:00,1106.7,Open,LONG,1106.7,49701999.99999999,
2023-12-07,09:50:00,1106.5,Close,None,1106.5,49634999.99999999,-4237999.999999995
2023-12-07,10:00:00,1100.5,Open,SHORT,1100.5,49634999.99999999,
2023-12-07,10:15:00,1104.5,Close,None,1104.5,49187999.99999999,-4684999.999999995
2023-12-07,10:15:00,1104.5,Open,SHORT,1104.5,49187999.99999999,
2023-12-07,10:20:00,1106.8,Close,None,1106.8,48910999.99999999,-4961999.999999995
2023-12-07,10:30:00,1104.6,Open,SHORT,1104.6,48910999.99999999,
2023-12-07,13:55:00,1103.4,Close,None,1103.4,48983999.99999999,-4888999.999999995
2023-12-07,14:05:00,1105.8,Open,LONG,1105.8,48983999.99999999,
2023-12-07,14:25:00,1110.5,Close,None,1110.5,49406999.99999999,-4465999.999999995
2023-12-08,09:00:00,1110.8,Open,LONG,1110.8,49406999.99999999,
2023-12-08,14:20:00,1110.4,Close,None,1110.4,49319999.99999999,-4552999.999999995
2023-12-11,09:00:00,1115.8,Open,LONG,1115.8,49319999.99999999,
2023-12-11,09:45:00,1114.2,Close,None,1114.2,49112999.99999999,-4759999.999999995
2023-12-11,10:40:00,1113.3,Open,SHORT,1113.3,49112999.99999999,
2023-12-11,13:10:00,1115.0,Close,None,1115.0,48895999.99999999,-4976999.999999995
2023-12-11,13:20:00,1114.6,Open,LONG,1114.6,48895999.99999999,
2023-12-11,13:30:00,1113.9,Close,None,1113.9,48778999.99999999,-5093999.999999995
2023-12-11,13:45:00,1116.2,Open,LONG,1116.2,48778999.99999999,
2023-12-12,10:40:00,1117.3,Close,None,1117.3,48841999.99999999,-5030999.999999995
2023-12-12,11:00:00,1113.8,Open,SHORT,1113.8,48841999.99999999,
2023-12-12,13:20:00,1117.0,Close,None,1117.0,48474999.99999999,-5397999.999999995
2023-12-12,13:45:00,1117.8,Open,LONG,1117.8,48474999.99999999,
2023-12-12,13:55:00,1115.8,Close,None,1115.8,48227999.99999999,-5644999.999999995
2023-12-12,14:25:00,1118.5,Open,LONG,1118.5,48227999.99999999,
2023-12-13,10:35:00,1118.8,Close,None,1118.8,48210999.99999999,-5661999.999999995
2023-12-13,10:55:00,1118.9,Open,SHORT,1118.9,48210999.99999999,
2023-12-14,09:00:00,1111.6,Close,None,1111.6,48893999.99999999,-4978999.999999995
2023-12-14,09:20:00,1110.1,Open,SHORT,1110.1,48893999.99999999,
2023-12-14,11:10:00,1111.8,Close,None,1111.8,48676999.99999999,-5195999.999999995
2023-12-14,13:20:00,1110.6,Open,SHORT,1110.6,48676999.99999999,
2023-12-14,13:35:00,1112.5,Close,None,1112.5,48439999.99999999,-5432999.999999995
2023-12-14,13:55:00,1109.9,Open,SHORT,1109.9,48439999.99999999,
2023-12-15,10:45:00,1105.3,Close,None,1105.3,48852999.99999999,-5019999.999999995
2023-12-15,10:55:00,1104.3,Open,SHORT,1104.3,48852999.99999999,
2023-12-15,13:20:00,1106.0,Close,None,1106.0,48635999.99999999,-5236999.999999995
2023-12-15,14:05:00,1105.8,Open,LONG,1105.8,48635999.99999999,
2023-12-15,14:10:00,1104.9,Close,None,1104.9,48498999.99999999,-5373999.999999995
2023-12-15,14:25:00,1098.9,Open,SHORT,1098.9,48498999.99999999,
2023-12-18,13:40:00,1094.2,Close,None,1094.2,48921999.99999999,-4950999.999999995
2023-12-18,14:25:00,1083.1,Open,SHORT,1083.1,48921999.99999999,
2023-12-19,14:20:00,1086.1,Close,None,1086.1,48574999.99999999,-5297999.999999995
2023-12-19,14:25:00,1088.3,Open,LONG,1088.3,48574999.99999999,
2023-12-21,09:10:00,1092.0,Close,None,1092.0,48897999.99999999,-4974999.999999995
2023-12-21,09:45:00,1091.8,Open,SHORT,1091.8,48897999.99999999,
2023-12-21,11:05:00,1091.9,Close,None,1091.9,48840999.99999999,-5031999.999999995
2023-12-21,13:05:00,1092.4,Open,LONG,1092.4,48840999.99999999,
2023-12-21,14:30:00,1094.7,Close,None,1094.7,49023999.99999999,-4848999.999999995
